clics_db_id,group_policy_id,product_id,effective_date
1,1,24,2019-03-01
2,1,25,2019-03-01
3,1,27,2019-03-01
4,1,26,2019-03-01
5,2,25,2019-01-01
6,2,27,2019-01-01
7,3,24,2020-01-01
8,3,25,2020-01-01
9,3,32,2020-01-01
10,2,26,2019-01-01
11,4,24,2020-01-01
12,4,25,2020-01-01
13,2,28,2019-01-01
14,5,24,2020-01-01
15,5,25,2020-01-01
16,6,24,2019-04-01
17,6,25,2019-04-01
18,7,24,2019-10-01
19,7,25,2019-10-01
20,7,26,2019-10-01
21,7,27,2019-10-01
22,8,24,2019-12-17
23,8,25,2019-12-17
24,2,24,2019-01-01
25,9,24,2019-12-22
26,9,25,2019-12-22
27,10,24,2019-11-24
28,10,25,2019-11-24
29,11,24,2020-01-01
30,11,25,2020-01-01
31,2,32,2019-01-01
32,12,24,2020-01-01
33,12,25,2020-01-01
34,13,24,2019-12-01
35,13,25,2019-12-01
36,13,26,2019-12-01
37,14,24,2019-10-01
38,14,25,2019-10-01
39,14,26,2019-10-01
40,14,27,2019-10-01
41,15,24,2019-10-01
42,15,25,2019-10-01
43,15,26,2019-10-01
44,15,27,2019-10-01
45,16,24,2020-02-01
46,16,25,2020-02-01
47,17,24,2020-01-21
48,17,25,2020-01-21
49,17,26,2020-01-21
50,17,27,2020-01-21
51,18,24,2020-01-01
52,18,25,2020-01-01
53,19,24,2019-08-13
54,19,25,2019-08-13
55,20,24,2020-01-01
56,20,25,2020-01-01
57,20,26,2020-01-01
58,20,27,2020-01-01
59,21,24,2019-07-01
60,21,25,2019-07-01
61,22,24,2020-01-20
62,22,25,2020-01-20
63,23,24,2019-09-01
64,23,25,2019-09-01
65,24,24,2019-10-22
66,24,25,2019-10-22
67,24,27,2019-10-22
68,24,26,2019-10-22
69,25,24,2020-01-01
70,25,25,2020-01-01
71,25,27,2020-01-01
72,25,26,2020-01-01
73,26,24,2020-01-01
74,26,25,2020-01-01
75,27,24,2020-01-01
76,27,25,2020-01-01
77,27,26,2020-01-01
78,28,24,2020-01-14
79,28,25,2020-01-14
80,28,26,2020-01-14
81,28,27,2020-01-14
82,29,24,2020-01-01
83,29,25,2020-01-01
84,30,24,2019-06-01
85,30,25,2019-06-01
86,30,26,2019-06-01
87,30,27,2019-06-01
88,31,24,2020-01-01
89,31,25,2020-01-01
90,32,24,2020-01-01
91,32,25,2020-01-01
92,33,24,2020-01-15
93,33,25,2020-01-15
94,34,24,2019-11-21
95,34,25,2019-11-21
96,35,24,2019-05-29
97,35,25,2019-05-29
98,36,24,2019-05-26
99,36,25,2019-05-26
100,37,24,2019-07-01
101,37,25,2019-07-01
102,38,24,2020-01-12
103,38,25,2020-01-12
104,39,24,2019-06-01
105,39,25,2019-06-01
106,40,24,2019-11-01
107,40,25,2019-11-01
108,41,24,2019-09-24
109,41,25,2019-09-24
110,43,24,2019-07-19
111,43,25,2019-07-19
112,44,24,2019-07-17
113,44,25,2019-07-17
114,42,24,2019-11-19
115,42,25,2019-11-19
116,45,24,2019-11-13
117,45,25,2019-11-13
118,45,26,2019-11-13
119,46,24,2019-11-26
120,46,25,2019-11-26
121,47,24,2019-10-20
122,47,25,2019-10-20
123,48,24,2019-08-01
124,48,25,2019-08-01
125,49,24,2019-07-06
126,50,24,2020-01-01
127,49,25,2019-07-06
128,50,25,2020-01-01
129,51,24,2019-08-15
130,51,25,2019-08-15
131,51,26,2019-08-15
132,51,27,2019-08-15
133,52,24,2019-07-18
134,52,25,2019-07-18
135,53,24,2020-02-01
136,53,25,2020-02-01
137,53,26,2020-02-01
138,53,27,2020-02-01
139,54,24,2020-02-01
140,54,25,2020-02-01
141,54,27,2020-02-01
142,55,24,2019-12-02
143,56,24,2020-01-21
144,56,25,2020-01-21
145,57,24,2019-12-15
146,57,25,2019-12-15
147,57,26,2019-12-15
148,58,24,2020-03-05
149,58,25,2020-03-05
150,58,27,2020-03-05
151,59,24,2020-01-01
152,59,25,2020-01-01
153,59,27,2020-01-01
154,60,24,2020-03-12
155,60,25,2020-03-12
156,61,24,2015-03-01
157,61,25,2015-03-01
158,62,24,2019-05-27
159,62,25,2019-05-27
160,63,24,2020-01-01
161,63,25,2020-01-01
162,63,27,2020-01-01
163,63,26,2020-01-01
164,64,24,2020-04-01
165,64,25,2020-04-01
166,64,27,2020-04-01
167,65,24,2020-06-01
168,65,25,2020-06-01
169,2,31,2019-01-01
170,66,24,2020-04-01
171,66,25,2020-04-01
172,66,26,2020-04-01
173,66,27,2020-04-01
174,67,24,2020-03-02
175,67,25,2020-03-02
176,67,31,2020-03-02
177,66,31,2020-04-01
178,68,24,2020-04-23
179,34,31,2019-11-21
180,69,24,2010-06-03
181,69,31,2010-06-03
182,8,31,2019-12-17
183,1,31,2019-03-01
184,51,31,2019-08-15
185,70,24,2020-07-19
186,70,25,2020-07-19
187,70,27,2020-07-19
188,70,26,2020-07-19
189,32,31,2020-01-01
190,63,31,2020-01-01
191,18,31,2020-01-01
192,12,31,2020-01-01
193,31,31,2020-01-01
194,71,24,2020-03-04
195,58,31,2020-03-05
196,3,31,2020-01-01
197,72,24,2020-04-08
198,73,24,2020-03-01
199,73,25,2020-03-01
200,73,26,2020-03-01
201,73,27,2020-03-01
202,64,31,2020-04-01
203,74,24,2020-06-01
204,74,25,2020-06-01
205,53,31,2020-02-01
206,75,24,2020-07-01
207,75,31,2020-07-01
208,76,24,2020-06-02
209,77,24,2020-06-02
210,25,31,2020-01-01
211,78,24,2019-06-26
212,79,24,2020-07-01
213,79,31,2020-07-01
214,80,24,2020-05-01
215,80,31,2020-05-01
216,80,25,2020-05-01
217,80,27,2020-05-01
218,80,26,2020-05-01
219,81,24,2020-07-29
220,17,31,2020-01-21
221,82,24,2020-09-01
222,82,25,2020-09-01
223,82,26,2020-09-01
224,83,24,2017-03-09
225,83,25,2017-03-09
226,84,24,2020-03-15
227,85,24,2020-02-01
228,85,25,2020-02-01
229,85,26,2020-02-01
230,85,27,2020-02-01
231,85,28,2020-02-01
232,65,31,2020-06-01
233,86,28,2019-09-17
234,6,31,2020-04-01
235,87,24,2020-01-01
236,87,25,2020-01-01
237,87,26,2020-01-01
238,87,27,2020-01-01
239,87,31,2020-01-01
240,88,24,2020-08-06
241,88,25,2020-08-06
242,88,26,2020-08-06
243,88,27,2020-08-06
244,54,31,2020-02-01
245,89,24,2020-07-30
246,89,25,2020-07-30
247,90,24,2020-09-01
248,29,31,2020-01-01
249,91,24,2020-08-01
250,92,24,2020-06-01
251,93,24,2019-09-22
252,93,25,2019-09-22
253,94,24,2019-10-01
254,95,24,2020-05-01
255,95,25,2020-05-01
256,96,24,2020-03-15
257,96,25,2020-03-15
258,96,26,2020-03-15
259,96,27,2020-03-15
260,96,28,2020-03-15
261,15,31,2019-10-01
262,14,31,2019-10-01
263,97,24,2019-01-01
264,97,25,2019-01-01
265,97,28,2019-01-01
266,97,26,2019-01-01
267,97,27,2019-01-01
268,98,24,2020-03-09
269,98,25,2020-03-09
270,98,28,2020-03-09
271,43,31,2019-07-19
272,99,24,2020-09-19
273,99,31,2020-09-19
274,42,31,2019-11-19
275,100,24,2020-03-03
276,101,39,2020-03-24
277,101,28,2020-03-24
278,102,24,2020-03-07
279,103,24,2020-10-02
280,103,25,2020-10-02
281,4,31,2020-01-01
282,20,31,2020-01-01
283,22,31,2020-01-20
284,22,28,2020-01-20
285,104,24,2020-10-06
286,105,24,2020-07-01
287,106,24,2020-09-18
288,107,24,2020-02-16
289,108,24,2020-07-01
290,109,24,2020-06-01
291,110,24,2020-01-01
292,111,24,2020-03-08
293,112,24,2020-11-03
294,112,25,2020-11-03
295,112,26,2020-11-03
296,112,27,2020-11-03
297,112,31,2020-11-03
298,113,24,2020-07-12
299,114,24,2020-03-11
300,115,24,2017-08-25
301,115,25,2017-08-25
302,116,24,2014-04-18
303,117,24,2013-08-05
304,118,24,2020-11-07
305,119,24,2020-10-01
306,120,24,2020-01-01
307,120,31,2020-01-01
308,23,31,2019-09-01
309,121,24,2019-11-01
310,121,28,2019-11-01
311,122,28,2020-01-26
312,122,24,2020-01-26
313,123,24,2020-02-27
314,123,25,2020-02-27
315,124,24,2020-06-27
316,125,24,2020-11-01
317,125,25,2020-11-01
318,126,24,2020-02-25
319,127,24,2020-06-01
320,128,24,2020-10-25
321,128,25,2020-10-25
322,129,24,2020-07-05
323,130,24,2020-11-25
324,130,31,2020-11-25
325,57,31,2019-12-15
326,131,24,2020-10-13
327,131,25,2020-10-13
328,131,27,2020-10-13
329,131,26,2020-10-13
330,132,24,2019-11-30
331,133,24,2020-12-04
332,133,31,2021-12-04
333,134,24,2020-01-20
334,135,24,2019-10-03
335,136,24,2020-10-06
336,137,24,2021-01-01
337,137,25,2021-01-01
338,18,27,2021-01-01
339,138,24,2020-01-29
340,5,31,2020-01-01
341,45,31,2019-11-13
342,139,24,2020-12-04
343,140,24,2020-10-07
344,140,25,2020-10-07
345,140,26,2020-10-07
346,140,27,2020-10-07
347,140,31,2020-10-07
348,141,24,2020-10-04
349,141,25,2020-10-04
350,142,24,2020-07-23
351,142,31,2020-07-23
352,143,24,2020-03-24
353,143,28,2020-03-24
354,26,27,2021-01-01
355,144,24,2020-11-26
356,144,31,2020-11-26
357,145,24,2020-07-01
358,145,25,2020-07-01
359,145,26,2020-07-01
360,145,27,2020-07-01
361,145,28,2020-07-01
362,146,24,2020-12-01
363,147,24,2020-09-07
364,148,24,2020-07-19
365,148,28,2020-07-19
366,149,28,2020-06-25
367,150,24,2021-01-01
368,150,25,2021-01-01
369,150,26,2021-01-01
370,150,27,2021-01-01
371,151,24,2020-09-04
372,151,28,2020-09-04
373,38,26,2021-01-12
374,38,27,2021-01-12
375,38,31,2020-01-12
376,152,24,2020-07-01
377,153,24,2020-10-11
378,153,25,2020-10-11
379,150,32,2021-01-01
380,154,24,2020-09-13
381,154,31,2020-09-13
382,155,24,2020-02-03
383,156,24,2016-02-03
384,157,28,2021-01-01
385,158,24,2021-01-01
386,159,24,2021-02-03
387,160,24,2020-02-14
388,161,24,2020-09-01
389,161,25,2020-09-01
390,162,24,2020-11-14
391,162,25,2020-11-14
392,163,24,2020-03-10
393,47,31,2019-10-20
394,164,24,2020-08-06
395,165,24,2021-02-01
396,165,31,2021-02-01
397,165,32,2021-02-01
398,166,24,2021-01-01
399,166,31,2021-01-01
400,167,24,2021-01-01
401,167,31,2021-01-01
402,168,24,2021-01-01
403,169,24,2021-01-01
404,170,24,2020-05-11
405,171,24,2020-12-10
406,172,24,2021-01-01
407,172,25,2021-01-01
408,172,28,2021-01-01
409,172,31,2021-01-01
410,173,24,2021-02-01
411,174,24,2021-03-01
412,174,31,2021-03-01
413,174,25,2021-03-01
414,175,24,2021-02-03
415,39,31,2019-06-01
416,176,24,2020-09-28
417,173,28,2021-02-01
418,177,24,2021-01-01
419,177,31,2021-01-01
420,178,24,2020-06-01
421,179,24,2020-04-08
422,180,24,2021-01-17
423,181,24,2021-01-01
424,24,31,2019-10-22
425,182,24,2019-04-17
426,183,24,2019-10-01
427,183,31,2019-10-01
428,184,24,2020-01-01
429,184,31,2020-01-01
430,185,24,2021-01-28
431,185,31,2021-01-28
432,186,24,2020-10-16
433,186,31,2020-10-16
434,187,24,2021-01-26
435,188,24,2021-01-01
436,189,24,2021-01-27
437,190,24,2021-02-14
438,191,28,2020-12-24
439,192,24,2021-01-15
440,193,24,2020-12-15
441,193,28,2020-12-15
442,194,24,2020-03-02
443,195,24,2021-04-01
444,195,31,2021-04-01
445,195,25,2021-04-01
446,196,24,2020-01-12
447,196,31,2020-01-12
448,196,32,2020-01-12
449,197,24,2006-09-24
450,198,24,2021-03-15
451,198,25,2021-03-15
452,198,26,2021-03-15
453,123,26,2021-04-04
454,199,24,2021-02-01
455,199,25,2021-02-01
456,200,24,2020-08-15
457,200,31,2020-08-15
458,202,24,2021-01-01
459,203,24,2021-01-08
460,204,24,2020-12-11
461,203,31,2021-01-08
462,201,24,2021-02-14
463,205,24,2020-11-17
464,206,24,2021-03-07
465,206,28,2021-03-07
466,207,24,2020-10-25
467,208,24,2021-02-17
468,209,28,2020-12-24
469,210,24,2021-04-01
470,210,25,2021-04-01
471,210,31,2021-04-01
472,211,24,2021-04-01
473,211,31,2021-04-01
474,212,24,2021-04-01
475,212,31,2021-04-01
476,10,31,2019-11-24
477,213,24,2021-01-17
478,214,24,2021-04-04
479,215,24,2021-01-23
480,216,24,2021-02-25
481,217,24,2021-01-21
482,218,24,2021-01-18
483,219,24,2020-09-01
484,219,25,2020-09-01
485,220,24,2021-03-23
486,221,24,2021-02-17
487,222,24,2021-03-01
488,222,25,2021-03-01
489,222,31,2021-03-01
490,223,24,2021-03-11
491,224,24,2021-03-04
492,225,24,2021-01-01
493,226,24,2021-04-11
494,226,31,2021-04-11
495,227,24,2021-02-25
496,228,24,2021-02-19
497,229,24,2021-02-05
498,230,24,2021-02-01
499,231,24,2021-02-10
500,232,24,2021-01-01
501,233,24,2021-03-01
502,234,24,2021-01-01
503,235,24,2021-03-13
504,236,24,2021-01-14
505,237,24,2021-01-01
506,238,24,2021-02-23
507,239,24,2021-01-01
508,240,24,2020-11-01
509,241,24,2021-03-22
510,241,31,2021-03-22
511,243,24,2020-11-01
512,244,24,2010-01-01
513,244,31,2010-01-01
514,245,24,2013-09-09
515,242,24,2020-03-01
516,242,25,2020-03-01
517,242,31,2020-03-01
518,246,24,2016-02-18
519,247,24,2015-03-26
520,247,31,2015-03-26
521,249,24,2017-01-01
522,248,24,2019-08-18
523,250,24,2020-05-23
524,251,24,2020-01-01
525,251,28,2020-01-01
526,252,24,2020-07-20
527,253,24,2020-03-22
528,254,24,2021-05-01
529,254,28,2021-05-01
530,255,24,2021-01-01
531,255,31,2021-01-01
532,255,28,2021-01-01
533,256,24,2020-11-25
534,257,24,2021-01-01
535,258,24,2021-03-25
536,210,26,2021-05-09
537,259,24,2021-04-01
538,260,24,2021-04-11
539,261,24,2021-03-10
540,262,24,2021-03-13
541,262,31,2021-03-13
542,263,24,2020-12-09
543,264,24,2021-01-24
544,264,28,2021-01-24
545,272,24,2021-01-01
546,265,24,2020-01-01
547,265,31,2020-01-01
548,266,24,2020-01-06
549,267,24,2020-03-10
550,268,24,2020-02-02
551,269,24,2020-01-01
552,270,24,2020-01-01
553,271,24,2020-03-07
554,273,24,2021-01-06
555,274,24,2021-01-06
556,275,24,2021-01-01
557,276,24,2021-01-01
558,277,24,2021-01-11
559,278,24,2021-01-26
560,279,24,2021-01-01
561,280,24,2021-01-05
562,281,24,2021-01-01
563,281,31,2020-01-01
564,282,24,2021-02-01
565,283,24,2021-02-08
566,283,25,2021-02-08
567,284,24,2021-03-14
568,285,24,2021-02-01
569,4,32,2021-06-01
570,286,24,2021-04-01
571,287,24,2021-04-12
572,288,24,2021-04-20
573,289,24,2021-03-31
574,290,24,2021-02-04
575,289,25,2021-03-31
576,291,24,2021-04-01
577,291,31,2021-04-01
578,292,24,2021-03-07
579,292,28,2021-03-07
580,293,24,2021-01-01
581,293,25,2021-01-01
582,294,24,2021-04-21
583,294,25,2021-04-21
584,295,24,2021-04-04
585,296,24,2021-01-01
586,297,24,2020-10-15
587,298,24,2020-11-11
588,299,24,2021-01-01
589,300,24,2021-04-01
590,300,31,2021-01-01
591,301,24,2021-06-09
592,301,31,2021-06-09
593,302,24,2021-06-27
594,302,31,2021-06-27
595,303,24,2020-12-10
596,304,24,2021-03-01
597,305,24,2021-05-08
598,306,24,2020-11-05
599,307,24,2021-06-06
600,308,24,2021-06-15
601,309,24,2021-04-04
602,309,25,2021-04-04
603,310,24,2021-04-23
604,311,24,2021-05-04
605,312,24,2021-04-19
606,312,31,2021-04-19
607,313,24,2021-04-19
608,313,31,2021-04-19
609,314,24,2020-08-01
610,315,24,2020-09-08
611,316,24,2020-11-28
612,317,24,2020-12-19
613,318,24,2020-11-01
614,319,24,2021-06-01
615,320,24,2020-06-10
616,321,24,2021-05-25
617,321,25,2021-05-25
618,322,24,2021-06-09
619,323,24,2021-03-18
620,324,24,2021-03-28
621,325,24,2021-06-01
622,325,25,2021-06-01
623,326,24,2021-04-13
624,327,24,2021-04-01
625,328,24,2021-06-27
626,329,24,2021-05-14
627,330,24,2021-07-30
628,331,24,2021-05-01
629,332,24,2021-04-01
630,332,25,2021-04-01
631,333,24,2021-04-12
632,334,24,2021-04-28
633,334,25,2021-04-28
634,335,24,2021-05-05
635,335,31,2021-05-05
636,336,24,2021-05-06
637,337,24,2021-03-11
638,338,24,2021-04-01
639,338,25,2021-04-01
640,338,31,2021-04-01
641,339,24,2017-04-02
642,339,25,2021-04-02
643,341,24,2021-07-08
644,341,25,2021-07-08
645,341,26,2021-07-08
646,341,27,2021-07-08
647,340,24,2021-07-01
648,340,25,2021-07-01
649,340,26,2021-07-01
650,340,27,2021-07-01
651,340,31,2021-07-01
652,342,24,2021-04-01
653,342,31,2021-04-01
654,343,24,2021-04-10
655,344,24,2021-04-02
656,344,28,2021-04-02
657,345,24,2021-04-02
658,345,28,2021-04-02
659,346,24,2021-06-10
660,347,24,2021-03-10
661,347,28,2021-03-10
662,348,24,2021-03-28
663,349,24,2018-02-01
664,349,31,2018-02-01
665,350,24,2010-05-13
666,350,31,2010-05-13
667,351,24,2017-06-07
668,351,31,2021-06-07
669,352,24,2019-05-10
670,352,31,2019-05-10
671,353,24,2018-01-24
672,354,24,2019-06-01
673,355,24,2020-07-01
674,356,24,2021-06-03
675,357,24,2021-07-01
676,357,25,2021-07-01
677,97,35,2020-01-01
678,358,24,2021-06-09
679,358,25,2021-06-09
680,358,32,2021-06-09
681,359,24,2021-07-04
682,360,24,2021-08-02
683,361,24,2021-08-02
684,362,24,2021-05-19
685,363,24,2020-08-09
686,364,24,2021-05-16
687,365,28,2015-11-01
688,366,24,2021-09-01
689,366,25,2021-09-01
690,366,26,2021-09-01
691,366,27,2021-09-01
692,366,28,2021-09-01
693,366,31,2021-09-01
694,367,28,2021-02-01
695,368,24,2021-03-24
696,369,24,2021-04-13
697,370,24,2021-06-01
698,371,24,2020-08-18
699,372,24,2021-08-18
700,372,25,2021-08-18
701,373,24,2018-08-04
702,374,24,2021-08-01
703,374,31,2021-08-01
704,375,24,2021-08-05
705,376,24,2021-06-27
706,377,24,2021-09-01
707,377,25,2021-09-01
708,378,24,2021-09-14
709,379,24,2021-09-07
710,380,24,2021-07-01
711,380,31,2021-07-01
712,381,24,2020-09-30
713,382,24,2020-09-12
714,383,24,2021-07-01
715,384,24,2021-07-21
716,384,31,2021-07-21
717,385,24,2020-07-01
718,386,24,2021-07-01
719,387,24,2021-07-02
720,389,24,2020-09-05
721,390,24,2020-08-10
722,391,24,2020-07-01
723,391,31,2020-07-01
724,392,24,2021-07-24
725,393,24,2021-09-01
726,393,25,2021-09-01
727,393,27,2021-09-01
728,393,26,2021-09-01
729,394,24,2020-07-27
730,395,24,2021-08-03
731,396,24,2021-09-03
732,397,24,2013-07-28
733,397,31,2016-07-28
734,398,24,2021-07-01
735,399,24,2021-06-27
736,399,28,2021-06-27
737,400,24,2021-02-25
738,401,24,2020-12-14
739,402,24,2020-06-16
740,403,24,2021-08-11
741,403,25,2021-08-11
742,404,24,2021-10-01
743,404,25,2021-10-01
744,404,31,2021-10-01
745,404,32,2021-10-01
746,405,24,2021-05-27
747,406,28,2008-11-05
748,407,24,2020-09-28
749,408,28,2017-12-10
750,409,24,2020-11-25
751,388,24,2021-06-09
752,410,24,2021-07-01
753,410,28,2021-07-01
754,411,24,2021-07-14
755,412,24,2020-12-03
756,413,24,2020-11-11
757,414,24,2021-04-01
758,415,24,2021-09-16
759,415,31,2021-09-16
760,416,24,2021-09-12
761,417,24,2021-10-10
762,417,31,2021-10-10
763,417,25,2021-10-10
764,418,24,2021-10-05
765,419,24,2020-07-01
766,420,24,2021-04-11
767,421,24,2021-07-01
768,422,24,2021-08-26
769,423,24,2021-09-01
770,26,31,2020-01-01
771,424,24,2021-01-25
772,425,24,2021-07-01
773,426,24,2021-07-18
774,427,24,2021-07-01
775,428,24,2021-05-09
776,429,24,2021-07-07
777,430,24,2021-11-10
778,431,24,2021-08-12
779,432,24,2021-09-01
780,433,24,2020-09-22
781,433,31,2020-09-22
782,434,24,2021-01-01
783,435,24,2021-02-26
784,436,24,2021-01-03
785,437,24,2021-11-01
786,437,25,2021-11-01
787,437,31,2021-11-01
788,438,24,2020-12-10
789,439,24,2021-11-08
790,439,25,2021-11-08
791,440,24,2021-10-14
792,440,25,2021-10-14
793,441,24,2021-10-12
794,442,24,2020-11-20
795,442,28,2020-11-20
796,443,24,2021-12-01
797,444,24,2021-10-06
798,444,31,2021-10-06
799,445,24,2021-01-01
800,118,31,2021-11-07
801,446,24,2021-10-23
802,447,24,2021-06-01
803,448,24,2021-11-11
804,449,24,2021-11-15
805,449,25,2021-11-15
806,449,27,2021-11-15
807,449,26,2021-11-15
808,449,31,2021-11-15
809,450,28,2021-03-24
810,451,24,2021-11-21
811,452,24,2021-11-01
812,453,24,2020-10-06
813,454,24,2021-12-06
814,455,24,2021-10-01
815,456,24,2021-10-10
816,457,24,2020-12-14
817,457,28,2020-12-14
818,458,24,2021-11-24
819,458,25,2021-11-24
820,458,28,2021-11-24
821,458,26,2021-11-24
822,458,27,2021-11-24
823,459,24,2021-11-01
824,460,24,2021-11-01
825,460,25,2021-11-01
826,461,24,2021-11-09
827,462,24,2021-11-08
828,12,27,2022-01-01
829,12,26,2022-01-01
830,12,32,2022-01-01
831,463,24,2021-12-09
832,463,25,2021-12-09
833,464,24,2021-12-13
834,464,32,2021-12-13
835,465,24,2021-12-01
836,465,25,2021-12-01
837,466,24,2021-11-28
838,466,28,2021-11-28
839,467,24,2021-11-28
840,467,28,2021-11-28
841,468,24,2022-01-01
842,469,24,2022-01-01
843,469,25,2022-01-01
844,469,31,2022-01-01
845,470,24,2021-12-26
846,470,28,2021-12-26
847,471,24,2021-12-09
848,472,24,2021-11-17
849,207,25,2021-10-25
850,473,24,2022-01-06
851,473,25,2022-01-06
852,474,24,2021-12-22
853,474,25,2021-12-22
854,133,32,2021-12-04
855,475,24,2021-12-23
856,475,32,2021-12-23
857,476,36,2022-01-01
858,476,34,2022-01-01
859,476,31,2022-01-01
860,477,24,2021-06-30
861,274,25,2022-01-06
862,478,24,2021-12-26
863,478,28,2021-12-26
864,479,24,2021-12-07
865,480,24,2021-11-01
866,481,24,2021-03-02
867,482,24,2021-02-16
868,181,25,2022-01-01
869,483,24,2022-01-20
870,483,25,2022-01-20
871,483,27,2022-01-20
872,11,31,2022-01-01
873,484,24,2022-01-18
874,485,24,2022-01-01
875,485,25,2022-01-01
876,485,31,2022-01-01
877,485,26,2022-01-01
878,485,27,2022-01-01
879,436,28,2021-01-03
880,166,25,2022-01-01
881,486,24,2022-01-12
882,150,31,2022-01-01
883,487,24,2021-12-27
884,488,24,2022-01-20
885,488,25,2022-01-20
886,489,24,2022-01-12
887,490,24,2022-01-04
888,491,24,2021-12-02
889,492,24,2021-07-06
890,493,24,2021-12-01
891,266,25,2022-01-06
892,494,24,2022-02-01
893,494,25,2022-02-01
894,494,31,2022-02-01
895,494,27,2022-02-01
896,494,26,2022-02-01
897,268,25,2022-02-02
898,495,24,2022-02-01
899,495,25,2022-02-01
900,496,24,2022-02-01
901,497,24,2021-08-10
902,498,24,2021-09-13
903,412,25,2021-12-03
904,499,24,2021-09-01
905,499,31,2021-09-01
906,322,28,2021-06-09
907,500,24,2022-01-16
908,500,32,2022-01-16
909,500,25,2022-01-16
910,501,28,2022-02-25
911,502,24,2022-02-02
912,503,24,2022-02-01
913,503,31,2022-02-01
914,503,32,2022-02-01
915,504,24,2022-02-07
916,504,31,2022-02-07
917,264,25,2021-01-24
918,505,24,2022-02-19
919,505,31,2022-02-19
920,173,25,2022-02-01
921,506,24,2022-01-02
922,175,31,2022-02-03
923,175,25,2022-02-03
924,507,24,2022-02-02
925,507,25,2022-02-02
926,508,24,2022-02-17
927,509,24,2022-02-13
928,510,28,2021-01-01
929,511,28,2022-02-02
930,511,24,2022-02-02
931,512,24,2022-02-07
932,513,24,2022-02-24
933,514,24,2022-03-01
934,514,25,2022-03-01
935,514,26,2022-03-01
936,64,32,2022-04-01
937,515,28,2021-03-14
938,286,25,2022-04-01
939,516,24,2022-02-27
940,517,24,2022-04-03
941,518,24,2022-03-13
942,518,25,2022-03-13
943,518,27,2022-03-13
944,519,24,2022-03-06
945,520,24,2022-03-24
946,520,28,2022-03-24
947,521,24,2022-04-03
948,521,25,2022-04-03
949,521,31,2022-04-03
950,342,32,2022-04-01
951,522,28,2021-05-17
952,523,24,2021-04-21
953,524,24,2022-03-10
954,524,31,2022-03-10
955,339,26,2022-04-02
956,525,24,2022-03-30
957,525,31,2022-03-30
958,212,25,2022-04-01
959,526,24,2022-03-31
960,527,24,2022-03-31
961,528,24,2022-04-01
962,529,28,2022-04-01
963,530,24,2022-04-19
964,530,25,2022-04-19
965,531,24,2022-04-01
966,531,25,2022-04-01
967,532,24,2022-03-28
968,533,24,2022-03-06
969,74,27,2022-06-01
970,74,26,2022-06-01
971,534,28,2022-02-10
972,535,24,2022-05-01
973,535,25,2022-05-01
974,535,31,2022-05-01
975,536,24,2022-05-12
976,537,24,2022-06-01
977,537,25,2022-06-01
978,537,26,2022-06-01
979,537,31,2022-06-01
980,537,32,2022-06-01
981,538,24,2022-05-16
982,538,25,2022-05-16
983,538,31,2022-05-16
984,539,24,2022-03-30
985,540,24,2022-06-01
986,540,25,2022-06-01
987,540,31,2022-06-01
988,541,24,2022-06-01
989,541,25,2022-06-01
990,542,24,2022-06-01
991,542,25,2022-06-01
992,542,27,2022-06-01
993,311,25,2022-05-04
994,543,24,2022-07-01
995,543,25,2022-07-01
996,543,32,2022-07-01
997,544,24,2021-05-11
998,545,24,2020-11-28
999,546,24,2022-07-01
1000,546,31,2022-07-01
1001,546,34,2022-07-01
1002,546,27,2022-07-01
1003,546,26,2022-07-01
1004,546,32,2022-07-01
1005,547,24,2022-07-01
1006,547,31,2022-07-01
1007,547,34,2022-07-01
1008,547,26,2022-07-01
1009,548,24,2022-07-01
1010,548,25,2022-07-01
1011,549,24,2022-07-19
1012,549,25,2022-07-19
1013,549,28,2022-07-19
1014,550,24,2022-08-06
1015,550,25,2022-08-06
1016,551,24,2022-05-29
1017,551,25,2022-05-29
1018,551,28,2022-05-29
1019,552,24,2022-06-15
1020,553,28,2022-04-27
1021,554,24,2022-08-17
1022,556,24,2022-07-01
1023,557,28,2022-07-26
1024,558,28,2020-08-10
1025,559,24,2022-08-01
1026,559,25,2022-08-01
1027,559,31,2022-08-01
1028,560,24,2022-07-24
1029,560,25,2022-07-24
1030,560,28,2022-07-24
1031,561,24,2022-07-25
1032,562,24,2022-09-01
1033,562,25,2022-09-01
1034,97,38,2022-01-01
1035,563,46,2020-09-01
1036,563,49,2020-09-01
1037,563,52,2020-09-01
1038,563,53,2020-09-01
1039,97,39,2019-01-01
1040,564,39,2012-01-01
1041,11,39,2013-01-01
1042,565,24,2021-10-23
1043,97,29,2022-01-01
1044,55,39,2019-12-02
1045,55,44,2019-12-02
1046,55,42,2019-12-02
1047,55,43,2019-12-02
1048,97,42,2022-01-01
1049,97,40,2022-01-01
1050,2,38,2022-01-01
1051,566,25,2022-08-30
1052,566,24,2022-08-30
1053,566,27,2022-08-30
1054,566,31,2022-08-30
1055,567,29,2015-08-09
1056,568,39,2010-07-01
1057,568,41,2010-07-01
1058,568,37,2010-07-01
1059,568,38,2010-07-01
1060,143,29,2020-03-24
1061,337,39,2004-03-11
1062,7,29,2019-10-01
1063,569,39,2017-08-01
1064,570,39,2022-06-01
1065,570,44,2022-06-01
1066,570,43,2022-06-01
1067,570,42,2022-06-01
1068,570,24,2022-06-01
1069,75,39,2011-04-23
1070,75,41,2011-04-23
1071,571,39,2022-08-29
1072,571,44,2022-08-29
1073,571,43,2022-08-29
1074,571,42,2022-08-29
1075,571,24,2022-08-29
1076,571,25,2022-08-29
1077,571,27,2022-08-29
1078,571,26,2022-08-29
1079,572,39,2020-05-20
1080,573,39,2018-09-23
1081,573,42,2018-09-23
1082,573,43,2018-09-23
1083,574,39,2022-09-01
1084,574,44,2022-09-01
1085,574,42,2022-09-01
1086,574,43,2022-09-01
1087,574,28,2022-09-01
1088,575,39,2019-11-01
1089,575,43,2019-11-01
1090,575,42,2019-11-01
1091,576,46,2010-03-01
1092,576,49,2010-03-01
1093,576,52,2010-03-01
1094,577,46,2018-12-20
1095,577,49,2018-12-20
1096,577,52,2018-12-20
1097,577,55,2018-12-20
1098,578,39,2022-08-29
1099,578,42,2022-08-29
1100,578,43,2022-08-29
1101,578,24,2022-08-29
1102,579,39,2019-02-24
1103,579,44,2019-02-24
1104,579,42,2019-02-24
1105,579,43,2019-02-24
1106,580,24,2022-01-25
1107,581,39,2022-09-13
1108,581,44,2022-09-13
1109,581,43,2022-09-13
1110,581,42,2022-09-13
1111,581,24,2022-09-13
1112,581,25,2022-09-13
1113,581,27,2022-09-13
1114,581,26,2022-09-13
1115,582,39,2021-05-17
1116,583,39,2022-10-01
1117,583,44,2022-10-01
1118,583,43,2022-10-01
1119,583,42,2022-10-01
1120,583,24,2022-10-01
1121,583,25,2022-10-01
1122,583,31,2022-10-01
1123,584,24,2022-01-28
1124,91,31,2022-08-01
1125,585,39,2020-05-10
1126,585,42,2020-05-10
1127,585,43,2020-05-10
1128,586,39,2015-08-30
1129,586,44,2015-08-30
1130,586,43,2015-08-30
1131,586,42,2015-08-30
1132,243,39,2017-03-20
1133,243,44,2017-03-20
1134,243,42,2017-03-20
1135,243,43,2017-03-20
1136,243,29,2017-03-20
1137,548,39,2022-07-01
1138,101,44,2020-03-20
1139,101,43,2020-03-20
1140,101,42,2020-03-20
1141,443,39,2021-12-01
1142,443,44,2021-12-01
1143,443,43,2021-12-01
1144,443,42,2021-12-01
1145,432,39,2921-09-01
1146,432,44,2021-09-01
1147,432,43,2921-09-01
1148,432,42,2021-09-01
1149,587,39,2022-10-27
1150,587,44,2022-10-27
1151,587,43,2022-10-27
1152,587,42,2022-10-27
1153,587,24,2022-10-27
1154,7,31,2022-10-01
1155,588,24,2022-07-01
1156,588,25,2022-07-01
1157,119,39,2020-10-01
1158,119,41,2022-10-01
1159,119,29,2020-10-01
1160,589,39,2010-11-13
1161,589,41,2010-11-13
1162,590,39,1992-01-01
1163,591,39,2022-10-25
1164,591,44,2022-10-25
1165,591,43,2022-10-25
1166,591,42,2022-10-25
1167,591,24,2022-10-25
1168,591,25,2022-10-25
1169,592,39,2019-12-06
1170,592,43,2019-12-06
1171,592,42,2019-12-06
1172,593,39,2009-01-01
1173,593,41,2009-01-01
1174,593,37,2009-01-01
1175,593,38,2009-01-01
1176,594,39,2022-01-10
1177,460,39,2021-11-01
1178,460,37,2021-11-01
1179,460,38,2021-11-01
1180,595,39,2022-10-03
1181,595,44,2022-10-03
1182,595,43,2022-10-03
1183,595,42,2022-10-03
1184,595,24,2022-10-03
1185,596,39,2022-09-17
1186,596,29,2022-09-17
1187,596,24,2022-09-17
1188,597,39,2022-07-05
1189,597,41,2022-07-05
1190,597,37,2022-07-05
1191,597,38,2022-07-05
1192,597,24,2022-07-05
1193,598,39,2022-04-06
1194,598,41,2022-04-06
1195,598,42,2022-04-06
1196,598,43,2022-04-06
1197,598,28,2022-04-06
1198,291,39,2018-04-01
1199,291,44,2018-04-01
1200,291,42,2018-04-01
1201,291,43,2018-04-01
1202,86,39,2019-09-17
1203,86,44,2019-09-17
1204,86,42,2019-09-17
1205,86,43,2019-09-17
1206,86,29,2019-09-17
1207,113,39,2011-03-16
1208,113,37,2011-03-16
1209,113,38,2011-03-16
1210,151,39,2013-09-04
1211,151,42,2013-09-04
1212,151,43,2013-09-04
1213,151,29,2013-09-04
1214,151,44,2013-09-04
1215,599,39,2022-11-08
1216,599,44,2022-11-08
1217,599,43,2022-11-08
1218,599,42,2022-11-08
1219,599,24,2022-11-08
1220,599,25,2022-11-08
1221,599,27,2022-11-08
1222,599,26,2022-11-08
1223,156,39,2016-02-03
1224,156,44,2016-02-03
1225,156,42,2016-02-03
1226,156,43,2016-02-03
1227,599,32,2022-11-08
1228,257,39,1993-01-01
1229,257,41,1993-01-01
1230,257,37,1993-01-01
1231,257,38,1993-01-01
1232,258,39,2021-03-25
1233,258,41,2021-03-25
1234,258,37,2021-03-25
1235,258,38,2021-03-25
1236,269,39,2015-01-26
1237,269,41,2015-01-26
1238,269,37,2015-01-26
1239,269,38,2015-01-26
1240,389,39,2016-09-05
1241,389,41,2016-09-05
1242,389,37,2016-09-05
1243,389,38,2016-09-05
1244,395,44,2016-08-03
1245,395,39,2016-08-03
1246,395,42,2016-08-03
1247,395,43,2016-08-03
1248,395,29,2016-08-03
1249,418,39,2021-10-05
1250,418,44,2021-10-05
1251,418,42,2021-10-05
1252,418,43,2021-10-05
1253,418,29,2021-10-05
1254,425,39,2017-04-01
1255,425,41,2017-04-01
1256,425,37,2017-04-01
1257,425,38,2017-04-01
1258,444,39,2021-10-06
1259,444,44,2021-10-06
1260,444,42,2021-10-06
1261,444,43,2021-10-06
1262,129,25,2022-07-05
1263,451,39,2021-11-21
1264,451,44,2021-11-21
1265,451,42,2021-11-21
1266,451,43,2021-11-21
1267,600,39,2022-11-01
1268,600,44,2022-11-01
1269,600,42,2022-11-01
1270,600,43,2022-11-01
1271,600,24,2022-11-01
1272,600,25,2022-11-01
1273,601,39,2022-08-26
1274,601,41,2022-08-26
1275,601,37,2022-08-26
1276,601,38,2022-08-26
1277,601,24,2022-08-26
1278,4,39,1999-08-18
1279,4,37,1999-08-18
1280,602,39,2005-12-27
1281,4,38,1999-08-18
1282,602,44,2005-12-27
1283,602,42,2005-12-27
1284,602,43,2005-12-27
1285,603,39,2022-11-03
1286,603,44,2022-11-03
1287,603,42,2022-11-03
1288,603,43,2022-11-03
1289,603,28,2022-11-03
1290,603,24,2022-11-03
1291,604,39,2019-08-20
1292,604,44,2019-08-20
1293,604,42,2019-08-20
1294,604,43,2019-08-20
1295,604,28,2019-08-20
1296,605,24,2022-06-30
1297,266,39,2015-01-01
1298,266,44,2015-01-01
1299,266,42,2015-01-01
1300,266,43,2015-01-01
1301,217,39,2022-01-21
1302,606,39,2018-11-28
1303,606,44,2018-11-28
1304,606,42,2018-11-28
1305,606,43,2018-11-28
1306,606,28,2018-11-28
1307,607,39,2020-12-15
1308,607,44,2020-12-15
1309,607,43,2020-12-15
1310,607,42,2020-12-15
1311,607,28,2020-12-15
1312,608,39,2022-11-01
1313,608,24,2022-11-01
1314,608,29,2022-11-01
1315,609,39,2022-11-01
1316,609,24,2022-11-01
1317,609,29,2022-11-01
1318,610,39,2000-08-06
1319,610,41,2000-08-06
1320,610,37,2000-08-06
1321,610,38,2000-08-06
1322,611,39,2018-01-28
1323,611,44,2018-01-28
1324,611,42,2018-01-28
1325,611,43,2018-01-28
1326,612,39,2022-11-24
1327,612,44,2022-11-24
1328,612,42,2022-11-24
1329,612,43,2022-11-24
1330,613,24,2021-11-03
1331,130,39,2020-11-25
1332,130,44,2020-11-25
1333,130,43,2020-11-25
1334,130,42,2020-11-25
1335,296,39,2021-01-01
1336,296,44,2021-01-01
1337,296,42,2021-01-01
1338,296,43,2021-01-01
1339,296,29,2021-01-01
1340,614,39,2017-01-10
1341,318,39,2020-11-01
1342,318,41,2020-11-01
1343,318,37,2020-11-01
1344,318,38,2020-11-01
1345,480,29,2015-07-06
1346,615,39,2022-02-16
1347,615,44,2022-02-16
1348,615,43,2022-02-16
1349,615,42,2022-02-16
1350,340,39,2021-07-01
1351,616,39,1998-01-01
1352,617,39,2017-08-01
1353,617,41,2017-08-01
1354,618,39,2015-07-01
1355,618,41,2015-07-01
1356,618,37,2015-07-01
1357,618,38,2015-07-01
1358,619,39,2015-08-30
1359,619,44,2015-08-30
1360,619,42,2015-08-30
1361,619,43,2015-08-30
1362,620,39,2015-08-30
1363,620,44,2015-08-30
1364,620,43,2015-08-30
1365,620,42,2015-08-30
1366,9,26,2022-12-22
1367,9,39,2013-12-22
1368,9,41,2013-12-22
1369,9,37,2013-12-22
1370,9,38,2013-12-22
1371,621,39,2022-12-01
1372,621,44,2022-12-01
1373,621,42,2022-12-01
1374,621,43,2022-12-01
1375,621,24,2022-12-01
1376,621,25,2022-12-01
1377,621,31,2022-12-01
1378,621,27,2022-12-01
1379,621,26,2022-12-01
1380,188,39,2009-01-01
1381,188,41,2009-01-01
1382,583,27,2022-10-01
1383,583,26,2022-10-01
1384,622,39,2022-12-01
1385,622,41,2022-12-01
1386,622,37,2022-12-01
1387,622,38,2022-12-01
1388,622,24,2022-12-01
1389,622,25,2022-12-01
1390,622,26,2022-12-01
1391,622,27,2022-12-01
1392,622,31,2022-12-01
1393,623,39,2022-10-12
1394,623,41,2022-10-12
1395,623,43,2022-10-12
1396,623,42,2022-10-12
1397,623,28,2022-10-12
1398,623,29,2022-10-12
1399,623,24,2022-10-12
1400,623,25,2022-10-12
1401,624,39,2022-11-29
1402,624,44,2022-11-29
1403,624,43,2022-11-29
1404,624,42,2022-11-29
1405,624,24,2022-11-29
1406,623,27,2022-10-12
1407,623,26,2022-10-12
1408,569,41,2017-08-01
1409,569,42,2017-08-01
1410,569,43,2017-08-01
1411,235,39,2021-03-13
1412,235,44,2021-03-13
1413,235,42,2021-03-13
1414,235,43,2021-03-13
1415,235,29,2021-03-13
1416,97,146,2020-01-01
1417,342,39,2019-04-01
1418,342,41,2019-04-01
1419,342,37,2019-04-01
1420,342,38,2019-04-01
1421,625,39,2011-05-18
1422,625,44,2011-05-18
1423,625,42,2011-05-18
1424,625,43,2011-05-18
1425,626,39,2001-03-25
1426,626,41,2001-03-25
1427,627,39,2022-11-01
1428,627,44,2022-11-01
1429,627,42,2022-11-01
1430,627,43,2022-11-01
1431,627,146,2022-11-01
1432,338,27,2022-07-01
1433,338,26,2022-07-01
1434,133,25,2022-12-04
1435,628,39,2023-01-01
1436,628,44,2023-01-01
1437,628,42,2023-01-01
1438,628,43,2023-01-01
1439,628,24,2023-01-01
1440,629,39,2011-06-02
1441,629,44,2011-06-02
1442,629,42,2011-06-02
1443,629,43,2011-06-02
1444,630,39,2022-11-15
1445,630,44,2022-11-15
1446,630,42,2022-11-15
1447,630,43,2022-11-15
1448,630,24,2022-11-15
1449,632,39,2023-01-01
1450,631,39,2015-10-01
1451,631,41,2015-10-01
1452,631,37,2015-10-01
1453,631,38,2015-10-01
1454,632,41,2023-01-01
1455,633,39,2023-01-01
1456,633,44,2023-01-01
1457,633,42,2023-01-01
1458,633,43,2023-01-01
1459,633,24,2023-01-01
1460,632,37,2023-01-01
1461,632,38,2023-01-01
1462,632,24,2023-01-01
1463,632,31,2023-01-01
1464,634,24,2023-01-01
1465,634,39,2023-01-01
1466,634,44,2023-01-01
1467,634,42,2023-01-01
1468,634,43,2023-01-01
1469,5,27,2023-01-01
1470,5,26,2023-01-01
1471,5,39,2006-07-01
1472,5,41,2006-07-01
1473,5,37,2006-07-01
1474,5,38,2006-07-01
1475,635,47,2019-12-08
1476,635,52,2019-12-08
1477,635,53,2019-12-08
1478,635,54,2019-12-08
1479,479,29,2016-06-07
1480,636,46,2012-04-19
1481,636,52,2012-04-19
1482,636,49,2012-04-19
1483,637,24,2022-10-02
1484,241,39,2017-03-22
1485,241,44,2017-03-22
1486,241,42,2017-03-22
1487,241,43,2017-03-22
1488,241,29,2017-03-22
1489,638,24,2022-12-13
1490,638,39,2022-12-13
1491,638,37,2022-12-13
1492,638,38,2022-12-13
1493,638,41,2022-12-13
1494,639,39,2015-02-07
1495,639,41,2015-02-07
1496,639,42,2015-02-07
1497,639,43,2015-02-07
1498,640,39,2011-04-23
1499,640,41,2011-04-23
1500,641,39,2005-07-17
1501,641,41,2005-07-17
1502,641,37,2005-07-17
1503,641,38,2005-07-17
1504,642,39,2023-01-05
1505,642,44,2023-01-05
1506,642,42,2023-01-05
1507,642,43,2023-01-05
1508,642,24,2023-01-05
1509,277,25,2023-01-11
1510,54,39,2020-02-01
1511,54,37,2020-02-01
1512,54,38,2020-02-01
1513,54,41,2020-02-01
1514,54,29,2020-02-01
1515,643,39,2023-01-01
1516,643,44,2023-01-01
1517,643,42,2023-01-01
1518,643,43,2023-01-01
1519,643,24,2023-01-01
1520,644,39,1998-01-25
1521,644,44,1998-01-25
1522,644,42,1998-01-25
1523,644,43,1998-01-25
1524,645,39,2023-01-01
1525,645,44,2023-01-01
1526,645,42,2023-01-01
1527,645,43,2023-01-01
1528,645,24,2023-01-01
1529,645,25,2023-01-01
1530,645,31,2023-01-01
1531,76,44,2020-06-02
1532,76,42,2020-06-02
1533,76,43,2020-06-02
1534,76,39,2020-06-02
1535,646,39,2019-07-01
1536,646,42,2019-07-01
1537,646,43,2019-07-01
1538,647,39,2022-10-06
1539,647,44,2022-10-06
1540,647,43,2022-10-06
1541,647,42,2022-10-06
1542,558,39,2020-08-10
1543,558,44,2020-08-10
1544,558,42,2020-08-10
1545,558,43,2020-08-10
1546,621,29,2022-12-01
1547,648,39,2022-12-01
1548,649,39,2018-01-01
1549,648,44,2022-12-01
1550,649,44,2018-01-01
1551,648,43,2022-12-01
1552,648,42,2022-12-01
1553,648,24,2022-12-01
1554,650,24,2022-09-01
1555,651,24,2022-10-12
1556,612,24,2022-11-24
1557,652,24,2022-03-16
1558,653,39,2022-12-23
1559,653,41,2022-12-23
1560,653,37,2022-12-23
1561,653,38,2022-12-23
1562,653,24,2022-12-23
1563,654,39,2023-01-02
1564,654,37,2023-01-02
1565,654,38,2023-01-02
1566,654,41,2023-01-02
1567,654,24,2023-01-02
1568,654,25,2023-01-02
1569,655,39,2022-12-11
1570,655,24,2022-12-11
1571,656,39,2021-08-09
1572,656,41,2021-08-09
1573,656,37,2021-08-09
1574,656,38,2021-08-09
1575,656,29,2021-08-09
1576,657,39,1997-08-21
1577,658,39,2023-02-01
1578,658,44,2023-02-01
1579,658,42,2023-02-01
1580,658,43,2023-02-01
1581,658,24,2023-02-01
1582,658,25,2023-02-01
1583,205,25,2023-02-01
1584,659,39,2022-11-01
1585,659,44,2022-11-01
1586,659,43,2022-11-01
1587,659,42,2022-11-01
1588,659,24,2022-11-01
1589,649,43,2018-01-01
1590,649,42,2018-01-01
1591,309,31,2022-04-04
1592,660,24,2023-01-15
1593,660,25,2023-01-15
1594,340,29,2021-07-01
1595,32,27,2023-01-01
1596,32,26,2023-01-01
1597,16,26,2023-02-01
1598,661,39,2022-10-25
1599,661,44,2022-10-25
1600,661,42,2022-10-25
1601,661,43,2022-10-25
1602,406,39,2008-11-05
1603,406,41,2008-11-05
1604,662,39,2018-01-18
1605,662,44,2018-01-18
1606,662,42,2018-01-18
1607,662,43,2018-01-18
1608,663,39,2018-09-06
1609,663,44,2018-09-06
1610,663,43,2018-09-06
1611,663,42,2018-09-06
1612,664,39,2023-01-01
1613,664,44,2023-01-01
1614,664,42,2023-01-01
1615,664,43,2023-01-01
1616,664,24,2023-01-01
1617,664,31,2023-01-01
1618,1,42,2019-03-01
1619,1,43,2019-03-01
1620,1,39,2019-03-01
1621,1,41,2019-03-01
1622,665,24,2022-01-10
1623,11,32,2023-01-01
1624,152,39,2016-07-01
1625,152,44,2016-07-01
1626,152,43,2016-07-01
1627,152,42,2016-07-01
1628,666,39,2020-03-03
1629,666,42,2020-03-03
1630,666,43,2020-03-03
1631,666,24,2023-02-05
1632,666,25,2023-02-05
1633,666,26,2023-02-05
1634,667,39,2023-02-08
1635,667,44,2023-02-08
1636,667,43,2023-02-08
1637,667,42,2023-02-08
1638,667,24,2023-02-08
1639,668,39,2023-02-01
1640,668,41,2023-02-01
1641,668,37,2023-02-01
1642,668,38,2023-02-01
1643,668,24,2023-02-01
1644,668,25,2023-02-01
1645,669,39,2023-02-06
1646,669,24,2023-02-06
1647,670,39,2022-09-18
1648,670,42,2022-09-18
1649,670,43,2022-09-18
1650,671,39,1980-08-04
1651,671,44,1980-08-04
1652,671,42,1980-08-04
1653,671,43,1980-08-04
1654,672,39,2022-06-16
1655,672,41,2022-06-16
1656,672,43,2022-06-16
1657,672,42,2022-06-16
1658,672,28,2022-06-16
1659,673,47,2018-11-18
1660,673,52,2018-11-18
1661,673,54,2018-11-18
1662,674,39,2022-07-20
1663,674,44,2022-07-20
1664,674,42,2022-07-20
1665,674,43,2022-07-20
1666,674,24,2022-07-20
1667,675,24,2022-08-16
1668,33,39,2020-01-15
1669,676,39,2023-01-24
1670,676,44,2023-01-24
1671,676,42,2023-01-24
1672,676,43,2023-01-24
1673,676,24,2023-01-24
1674,677,39,2023-02-19
1675,677,44,2023-02-19
1676,677,42,2023-02-19
1677,677,43,2023-02-19
1678,677,24,2023-02-19
1679,678,24,2023-01-05
1680,678,28,2023-01-05
1681,679,39,2023-01-23
1682,679,44,2023-01-23
1683,679,42,2023-01-23
1684,679,43,2023-01-23
1685,679,28,2023-01-23
1686,680,39,2022-12-18
1687,680,44,2022-12-18
1688,680,42,2022-12-18
1689,680,43,2022-12-18
1690,680,24,2022-12-18
1691,681,24,2023-03-06
1692,681,25,2023-03-06
1693,476,24,2023-01-01
1694,476,25,2023-01-01
1695,476,32,2023-01-01
1696,683,39,2023-03-01
1697,683,44,2023-03-01
1698,683,42,2023-03-01
1699,683,43,2023-03-01
1700,683,24,2023-03-01
1701,683,32,2023-03-01
1702,683,25,2023-03-01
1703,683,27,2023-03-01
1704,476,39,2022-01-01
1705,476,41,2022-01-01
1706,476,37,2022-01-01
1707,476,38,2022-01-01
1708,684,24,2023-02-14
1709,682,39,2022-07-01
1710,682,41,2022-07-01
1711,682,37,2022-07-01
1712,682,38,2022-07-01
1713,685,24,2023-01-02
1714,687,39,2022-06-12
1715,687,44,2022-06-12
1716,687,42,2022-06-12
1717,687,43,2022-06-12
1718,221,39,2002-04-11
1719,221,41,2002-04-11
1720,221,37,2002-04-11
1721,221,38,2002-04-11
1722,3,39,1994-11-01
1723,3,37,1994-11-01
1724,3,38,1994-11-01
1725,512,39,2022-02-07
1726,512,44,2022-02-07
1727,512,42,2022-02-07
1728,512,43,2022-02-07
1729,686,39,2022-05-16
1730,688,47,2020-12-23
1731,688,52,2020-12-23
1732,689,39,2022-10-30
1733,689,41,2022-10-30
1734,689,37,2022-10-30
1735,689,38,2022-10-30
1736,689,24,2022-10-30
1737,689,25,2022-10-30
1738,689,27,2022-10-30
1739,689,26,2022-10-30
1740,690,39,2018-03-01
1741,690,41,2018-03-01
1742,690,42,2018-03-01
1743,690,43,2018-03-01
1744,690,29,2018-03-01
1745,458,39,2021-10-24
1746,458,41,2021-10-24
1747,458,42,2021-10-24
1748,458,43,2021-10-24
1749,254,29,2016-08-20
1750,691,39,2001-03-25
1751,691,41,2001-03-25
1752,691,37,2001-03-25
1753,691,38,2001-03-25
1754,64,26,2023-04-01
1755,692,39,2022-07-23
1756,692,44,2022-07-23
1757,692,43,2022-07-23
1758,692,42,2023-07-23
1759,693,39,2023-03-07
1760,693,41,2023-03-07
1761,693,37,2023-03-07
1762,693,38,2023-03-07
1763,693,24,2023-03-07
1764,693,25,2023-03-07
1765,694,24,2023-03-20
1766,695,24,2023-03-16
1767,695,25,2023-03-16
1768,61,44,2023-02-01
1769,61,43,2023-03-01
1770,61,42,2023-03-01
1771,61,39,2023-03-01
1772,253,41,2020-03-22
1773,253,37,2020-03-22
1774,253,38,2020-03-22
1775,253,39,2020-03-22
1776,144,39,2020-11-26
1777,144,44,2020-11-26
1778,144,43,2020-11-26
1779,144,42,2020-11-26
1780,284,39,2016-03-14
1781,284,41,2016-03-14
1782,284,37,2016-03-14
1783,284,38,2016-03-14
1784,696,46,2009-12-22
1785,696,49,2009-12-22
1786,697,39,2022-05-01
1787,697,41,2022-05-01
1788,697,37,2022-05-01
1789,697,38,2022-05-01
1790,698,39,1994-09-20
1791,698,40,1994-09-20
1792,699,39,2023-03-14
1793,699,44,2023-03-14
1794,699,43,2023-03-14
1795,699,42,2023-03-14
1796,699,24,2023-03-14
1797,700,39,2023-03-22
1798,700,24,2023-03-22
1799,701,39,2023-04-05
1800,701,44,2023-04-05
1801,701,43,2023-04-05
1802,701,42,2023-04-05
1803,701,24,2023-04-05
1804,701,32,2023-04-05
1805,702,29,2019-10-03
1806,702,39,2016-10-03
1807,703,39,2023-03-22
1808,703,41,2023-03-22
1809,703,43,2023-03-22
1810,703,42,2023-03-22
1811,703,24,2023-03-22
1812,703,32,2023-03-22
1813,437,27,2023-04-01
1814,704,39,2023-04-01
1815,437,39,2023-04-01
1816,704,41,2023-04-01
1817,704,37,2023-04-01
1818,704,38,2023-04-01
1819,704,24,2023-04-01
1820,704,25,2023-04-01
1821,704,31,2023-04-01
1822,705,24,2023-04-01
1823,705,31,2023-04-01
1824,705,25,2023-04-01
1825,705,27,2023-04-01
1826,705,26,2023-04-01
1827,505,39,2022-02-19
1828,590,146,2023-03-16
1829,590,31,2023-03-16
1830,706,146,2023-03-16
1831,706,31,2023-03-16
1832,707,146,2023-03-16
1833,707,31,2023-03-16
1834,505,44,2022-02-19
1835,505,42,2022-02-19
1836,505,43,2022-02-19
1837,708,146,2023-02-01
1838,708,31,2023-02-01
1839,709,24,2023-04-25
1840,709,32,2023-04-25
1841,709,31,2023-04-25
1842,709,25,2023-04-25
1843,709,27,2023-04-25
1844,709,26,2023-04-25
1845,710,39,2018-07-17
1846,711,24,2023-04-27
1847,711,25,2023-04-27
1848,614,41,2017-01-10
1849,614,42,2017-01-10
1850,614,43,2017-01-10
1851,712,24,2022-12-07
1852,713,39,2021-01-01
1853,681,39,2023-03-06
1854,247,44,2015-03-26
1855,247,43,2015-03-26
1856,247,42,2015-03-26
1857,714,39,2021-05-02
1858,714,44,2021-05-02
1859,247,39,2015-03-26
1860,714,42,2021-05-02
1861,714,43,2021-05-02
1862,709,39,2023-04-25
1863,268,39,2020-02-02
1864,716,39,2023-01-16
1865,716,44,2023-01-16
1866,716,42,2023-01-16
1867,716,43,2023-01-16
1868,716,24,2023-01-16
1869,716,25,2023-01-16
1870,717,39,2021-02-22
1871,717,44,2021-02-22
1872,717,43,2021-02-22
1873,717,42,2021-02-22
1874,717,24,2023-03-12
1875,718,39,2021-01-10
1876,718,44,2021-01-10
1877,718,43,2021-01-10
1878,718,42,2021-01-10
1879,718,28,2023-01-18
1880,525,25,2023-03-30
1881,525,27,2023-03-30
1882,525,26,2023-03-30
1883,525,39,2023-03-30
1884,719,39,2015-08-30
1885,719,44,2015-08-30
1886,719,43,2015-08-30
1887,719,42,2015-08-30
1888,720,39,2023-02-15
1889,720,28,2023-02-15
1890,720,24,2023-02-15
1891,7,39,2019-10-01
1892,7,41,2019-10-01
1893,7,37,2019-10-01
1894,7,38,2019-10-01
1895,375,39,2018-08-05
1896,710,42,2018-07-17
1897,710,41,2018-07-17
1898,710,43,2018-07-17
1899,449,39,2021-11-15
1900,715,46,2018-08-08
1901,715,49,2018-08-01
1902,715,52,2018-08-01
1903,721,39,2002-07-09
1904,721,37,2002-07-09
1905,721,38,2002-07-09
1906,721,41,2002-07-09
1907,295,39,2021-04-04
1908,305,39,2008-05-08
1909,305,37,2008-05-08
1910,305,38,2008-05-08
1911,305,41,2005-05-08
1912,722,39,2023-05-10
1913,723,46,2021-03-10
1914,723,52,2021-03-01
1915,723,49,2021-03-01
1916,724,39,2023-05-21
1917,724,24,2023-05-21
1918,724,31,2023-05-21
1919,724,25,2023-05-21
1920,479,39,2021-12-07
1921,725,28,2023-01-01
1922,725,39,2023-01-01
1923,481,39,2022-03-02
1924,726,39,2023-03-23
1925,726,24,2023-03-23
1926,727,39,2023-05-21
1927,727,24,2023-05-21
1928,728,39,2023-05-21
1929,728,24,2023-05-21
1930,308,39,2021-06-15
1931,729,39,2023-04-01
1932,729,24,2023-04-01
1933,729,25,2023-04-01
1934,730,39,2001-02-01
1935,731,24,2023-03-14
1936,731,39,2023-03-14
1937,731,41,2023-03-14
1938,731,42,2023-03-14
1939,731,43,2023-03-14
1940,390,39,2017-08-10
1941,390,44,2017-08-10
1942,390,43,2017-08-10
1943,390,42,2017-08-10
1944,732,39,2023-05-23
1945,732,44,2023-05-23
1946,732,43,2023-05-23
1947,732,42,2023-05-23
1948,95,39,2020-05-01
1949,95,41,2020-05-01
1950,95,37,2020-05-01
1951,95,38,2020-05-01
1952,733,39,2023-02-27
1953,733,44,2023-02-27
1954,733,43,2023-02-27
1955,733,42,2023-02-27
1956,733,28,2023-02-27
1957,10,39,2019-11-24
1958,730,44,2001-02-01
1959,531,39,2022-04-01
1960,380,39,2021-07-01
1961,734,39,2023-03-15
1962,734,44,2023-03-15
1963,734,43,2023-03-15
1964,734,42,2023-03-15
1965,734,24,2023-03-15
1966,735,39,2023-03-01
1967,735,44,2023-03-01
1968,735,43,2023-03-01
1969,735,42,2023-03-01
1970,735,24,2023-03-01
1971,735,25,2023-03-01
1972,735,27,2023-03-01
1973,735,26,2023-03-01
1974,735,31,2023-03-01
1975,736,39,2022-10-30
1976,736,28,2022-10-30
1977,737,39,2023-05-01
1978,737,44,2023-05-01
1979,737,43,2023-05-01
1980,737,42,2023-05-01
1981,737,24,2023-05-01
1982,738,39,2023-03-05
1983,738,41,2023-03-05
1984,738,37,2023-03-05
1985,738,38,2023-03-05
1986,739,39,2023-03-23
1987,739,44,2023-03-23
1988,739,43,2023-03-23
1989,739,42,2023-03-23
1990,740,39,2020-08-16
1991,740,44,2020-08-16
1992,740,43,2020-08-16
1993,740,42,2020-08-16
1994,741,39,2023-04-11
1995,741,41,2023-04-11
1996,741,37,2023-04-11
1997,741,38,2023-04-11
1998,741,24,2023-04-11
1999,313,39,2013-04-19
2000,313,41,2013-04-19
2001,313,37,2013-04-19
2002,313,38,2013-04-19
2003,742,39,2023-06-06
2004,742,44,2023-06-06
2005,742,42,2023-06-06
2006,742,43,2023-06-06
2007,742,24,2023-06-06
2008,742,25,2023-06-06
2009,535,29,2022-05-01
2010,743,39,2023-06-07
2011,743,44,2023-06-07
2012,743,43,2023-06-07
2013,743,42,2023-06-07
2014,743,24,2023-06-07
2015,744,24,2023-03-29
2016,745,39,2023-06-12
2017,745,24,2023-06-12
2018,746,39,2023-03-18
2019,746,44,2023-03-18
2020,746,43,2023-03-18
2021,746,42,2023-03-18
2022,746,29,2023-03-18
2023,746,28,2023-03-18
2024,747,39,2023-03-30
2025,747,44,2023-03-30
2026,747,42,2023-03-30
2027,747,43,2023-03-30
2028,747,24,2023-03-30
2029,748,39,2023-04-02
2030,748,44,2023-04-02
2031,748,42,2023-04-02
2032,748,43,2023-04-02
2033,748,24,2023-04-02
2034,749,39,2023-05-01
2035,749,24,2023-05-01
2036,749,25,2023-05-01
2037,749,29,2023-05-01
2038,750,39,2023-03-10
2039,750,41,2023-03-10
2040,750,42,2023-03-10
2041,750,43,2023-03-10
12041,751,39,2022-07-01
12042,751,44,2022-07-01
12043,751,42,2022-07-01
12044,751,43,2022-07-01
12045,751,24,2022-07-01
12046,752,39,2023-05-01
12047,752,44,2023-05-01
12048,752,42,2023-05-01
12049,752,43,2023-05-01
12050,752,24,2023-05-01
12051,752,25,2023-05-01
12052,752,31,2023-05-01
12053,752,32,2023-05-01
12054,753,39,2020-09-15
12055,754,39,2023-03-19
12056,754,44,2023-03-19
12057,754,42,2023-03-19
12058,754,43,2023-03-19
12059,754,24,2023-03-19
12060,754,31,2023-03-19
12061,755,39,2017-05-08
12062,755,41,2017-05-08
12063,755,37,2017-05-08
12064,755,38,2017-05-08
12065,756,39,2023-05-22
12066,756,44,2023-05-22
12067,756,42,2023-05-22
12068,756,43,2023-05-22
12069,756,24,2023-05-22
12070,757,39,2023-05-28
12071,757,44,2023-05-28
12072,757,42,2023-05-28
12073,757,43,2023-05-28
12074,757,24,2023-05-28
12075,757,25,2023-05-28
12076,758,39,2022-01-19
12077,758,44,2022-01-19
12078,759,39,2023-07-01
12079,759,44,2023-07-01
12080,759,42,2023-07-01
12081,759,43,2023-07-01
12082,759,24,2023-07-01
12083,759,25,2023-07-01
12084,759,32,2023-07-01
12085,759,31,2023-07-01
12086,760,39,2022-06-09
12087,760,44,2022-06-09
12088,760,42,2022-06-09
12089,760,43,2022-06-09
12090,760,28,2022-06-09
12091,761,39,2022-06-09
12092,761,44,2022-06-09
12093,761,42,2022-06-09
12094,761,43,2022-06-09
12095,761,28,2022-06-09
12096,763,39,2023-06-18
12097,763,29,2023-06-18
12098,763,24,2023-06-18
12099,763,25,2023-06-18
12100,764,39,2023-06-21
12101,764,42,2023-06-21
12102,764,43,2023-06-21
12103,764,38,2023-06-21
12104,765,39,2023-04-14
12105,765,37,2023-04-14
12106,765,41,2023-04-14
12107,765,38,2023-04-14
12108,765,24,2023-04-14
12109,765,25,2023-04-14
12110,766,39,2023-06-08
12111,766,24,2023-06-08
12112,766,29,2023-06-08
12113,766,28,2023-06-08
12114,767,39,2023-05-31
12115,767,44,2023-05-31
12116,767,42,2023-05-31
12117,767,43,2023-05-31
12118,767,28,2023-05-31
12119,768,46,2023-02-28
12120,768,52,2023-02-28
12121,768,49,2023-02-28
12122,769,47,2018-12-02
12123,769,48,2018-12-02
12124,775,39,2017-05-17
12125,775,44,2017-05-17
12126,775,42,2017-05-17
12127,775,43,2017-05-17
12128,775,28,2017-05-17
12129,776,39,2016-12-07
12130,776,44,2016-12-07
12131,776,42,2016-12-07
12132,776,43,2016-12-07
12133,777,39,2023-07-06
12134,777,24,2023-07-06
12135,777,31,2023-07-06
12136,138,39,2020-01-29
12137,138,41,2020-01-29
12138,138,37,2020-01-29
12139,138,38,2020-01-29
12140,35,44,2019-05-29
12141,35,42,2019-05-29
12142,35,43,2019-05-29
12143,542,32,2023-06-01
12144,778,39,2023-05-01
12145,778,44,2023-05-01
12146,778,42,2023-05-01
12147,778,43,2023-05-01
12148,778,24,2023-05-01
12149,778,31,2023-05-01
12150,779,39,2023-06-25
12151,779,44,2023-06-25
12152,779,42,2023-06-25
12153,779,43,2023-06-25
12154,779,24,2023-06-25
12155,779,25,2023-06-25
12156,35,39,2019-05-29
12157,780,39,2018-09-19
12158,780,44,2018-09-19
12159,780,42,2018-09-19
12160,780,43,2018-09-19
12161,780,28,2018-09-19
12162,781,39,2023-05-02
12163,781,44,2023-05-02
12164,781,42,2023-05-02
12165,781,43,2023-05-02
12166,781,28,2023-05-02
12167,781,24,2023-05-02
12168,782,39,2022-12-22
12169,782,44,2022-12-22
12170,782,42,2022-12-22
12171,782,43,2022-12-22
12172,782,28,2022-12-22
12173,143,25,2023-07-01
12174,783,39,2023-01-25
12175,783,44,2023-01-25
12176,783,43,2023-01-25
12177,783,42,2023-01-25
12178,783,24,2023-01-25
12179,784,39,2023-02-24
12180,784,41,2023-02-24
12181,784,38,2023-02-24
12182,118,29,2017-11-07
12183,711,28,2023-04-27
12184,785,39,2023-07-01
12185,785,44,2023-07-01
12186,785,42,2023-07-01
12187,785,43,2023-07-01
12188,785,29,2023-07-01
12189,785,146,2023-07-01
12190,785,31,2023-07-01
12191,785,25,2023-07-01
12192,785,27,2023-07-01
12193,785,26,2023-07-01
12194,786,24,2023-01-10
12195,786,39,2023-01-10
12196,787,39,2023-07-23
12197,787,44,2023-07-23
12198,787,42,2023-07-23
12199,787,43,2023-07-23
12200,787,24,2023-07-23
12201,787,31,2023-07-23
12202,787,25,2023-07-23
12203,788,39,2023-07-20
12204,788,44,2023-07-20
12205,788,42,2023-07-20
12206,788,43,2023-07-20
12207,788,24,2023-07-20
12208,788,25,2023-07-20
12209,788,31,2023-07-20
12210,789,39,2023-07-20
12211,789,44,2023-07-20
12212,789,42,2023-07-20
12213,789,43,2023-07-20
12214,790,39,2023-07-01
12215,791,39,2002-06-26
12216,791,44,2002-06-26
12217,791,42,2002-06-26
12218,791,43,2002-06-26
12219,790,44,2023-07-01
12220,790,42,2023-07-01
12221,790,43,2023-07-01
12222,790,24,2023-07-01
12223,790,25,2023-07-01
12224,792,39,1999-01-15
12225,792,41,1999-01-15
12226,792,37,1999-01-15
12227,792,38,1999-01-15
12228,730,41,2001-02-01
12229,793,39,2023-07-12
12230,793,44,2023-07-12
12231,793,42,2023-07-12
12232,793,43,2023-07-12
12233,794,39,2023-07-18
12234,794,44,2023-07-18
12235,794,43,2023-07-18
12236,794,42,2023-07-18
12237,700,41,2023-03-22
12238,795,47,2023-05-01
12239,795,53,2023-05-01
12240,796,39,2023-08-01
12241,796,24,2023-08-01
12242,762,24,2022-12-28
12243,797,39,2023-07-06
12244,797,44,2023-07-06
12245,797,42,2023-07-06
12246,797,43,2023-07-06
12247,798,39,2023-07-06
12248,798,44,2023-07-06
12249,798,42,2023-07-06
12250,798,43,2023-07-06
12251,799,39,2023-08-03
12252,799,42,2023-08-03
12253,799,43,2023-08-03
12254,65,39,2020-06-01
12255,65,44,2020-06-01
12256,65,43,2020-06-01
12257,65,42,2020-06-01
12258,800,39,2023-07-01
12259,800,44,2023-07-01
12260,800,43,2023-07-01
12261,800,42,2023-07-01
12262,800,24,2023-07-01
12263,800,25,2023-07-01
12264,800,31,2023-07-01
12265,801,24,2023-03-16
12266,802,24,2023-01-31
12267,354,25,2023-06-01
12268,803,39,2021-02-13
12269,803,44,2021-02-13
12270,803,42,2021-02-13
12271,803,43,2021-02-13
12272,804,39,2023-07-06
12273,804,44,2023-07-06
12274,804,43,2023-07-06
12275,804,42,2023-07-06
12276,804,24,2023-07-06
12277,805,39,2023-08-14
12278,805,44,2023-08-14
12279,805,43,2023-08-14
12280,805,42,2023-08-14
12281,805,28,2023-08-14
12282,805,24,2023-08-14
12283,805,25,2023-08-14
12284,805,27,2023-08-14
12285,805,26,2023-08-14
12286,806,39,2023-08-10
12287,806,41,2023-08-10
12288,806,37,2023-08-10
12289,806,38,2023-08-10
12290,807,39,2023-07-25
12291,807,44,2023-07-25
12292,807,43,2023-07-25
12293,807,42,2023-07-25
12294,808,39,2023-07-26
12295,809,39,2022-11-03
12296,809,44,2022-11-03
12297,809,43,2022-11-03
12298,809,42,2022-11-03
12299,809,29,2022-11-03
12300,809,28,2022-11-03
12301,809,24,2022-11-03
12302,406,24,2022-11-05
12303,559,39,2022-08-01
12304,559,44,2022-08-01
12305,559,43,2022-08-01
12306,559,42,2022-08-01
12307,810,39,2023-05-18
12308,810,44,2023-05-18
12309,810,43,2023-05-18
12310,810,42,2023-05-18
12311,810,24,2023-05-18
12312,83,39,2017-03-09
12313,83,41,2017-03-09
12314,83,37,2017-03-09
12315,83,38,2017-03-09
12316,811,39,2023-08-04
12317,811,44,2023-08-04
12318,811,43,2023-08-04
12319,811,42,2023-08-04
12320,811,24,2023-08-04
12321,811,31,2023-08-04
12322,811,25,2023-08-04
12323,811,27,2023-08-04
12324,811,26,2023-08-04
12325,812,39,2023-08-22
12326,812,44,2023-08-22
12327,812,43,2023-08-22
12328,812,42,2023-08-22
12329,813,39,2023-08-20
12330,813,44,2023-08-20
12331,813,43,2023-08-20
12332,813,42,2023-08-20
12333,814,39,2023-07-25
12334,814,41,2023-07-25
12335,814,37,2023-07-25
12336,814,38,2023-07-25
12337,814,24,2023-07-25
12338,814,31,2023-07-25
12339,815,39,2023-07-27
12340,815,44,2023-07-27
12341,815,43,2023-07-27
12342,815,42,2023-07-27
12343,815,28,2023-07-27
12344,816,39,2023-08-01
12345,816,44,2023-08-01
12346,816,43,2023-08-01
12347,816,42,2023-08-01
12348,816,24,2023-08-01
12349,816,25,2023-08-01
12350,616,44,2023-05-15
12351,26,26,2023-01-01
12352,270,39,2015-11-01
12353,270,44,2015-11-01
12354,270,43,2015-11-01
12355,270,42,2015-11-01
12356,270,29,2015-11-01
12357,817,39,2023-08-27
12358,817,44,2023-08-27
12359,817,43,2023-08-27
12360,817,42,2023-08-27
12361,817,28,2023-08-27
12362,817,24,2023-08-27
12363,818,39,2023-08-24
12364,818,44,2023-08-24
12365,818,43,2023-08-24
12366,818,42,2023-08-24
12367,818,24,2023-08-24
12368,818,31,2023-08-24
12369,819,39,2022-01-05
12370,819,44,2022-01-05
12371,819,43,2022-01-05
12372,819,42,2022-01-05
12373,750,44,2023-03-10
12374,820,39,2022-08-23
12375,820,44,2022-08-23
12376,820,43,2022-08-23
12377,820,42,2022-08-23
12378,821,39,2023-08-28
12379,821,44,2023-08-28
12380,821,43,2023-08-28
12381,821,42,2023-08-28
12382,821,28,2023-08-28
12383,822,39,2023-06-21
12384,822,41,2023-06-21
12385,822,37,2023-06-21
12386,822,38,2023-06-21
12387,822,24,2023-06-21
12388,823,39,2023-08-29
12389,823,44,2023-08-29
12390,823,43,2023-08-29
12391,823,42,2023-08-29
12392,823,28,2023-08-29
12393,823,24,2023-08-29
12394,824,39,2022-09-11
12395,824,44,2022-09-11
12396,824,43,2022-09-11
12397,824,42,2022-09-11
12398,403,39,2021-08-11
12399,403,44,2021-08-11
12400,403,43,2021-08-11
12401,403,42,2021-08-11
12402,248,39,2019-08-18
12403,248,41,2019-08-18
12404,248,37,2019-08-18
12405,248,38,2019-08-18
12406,394,39,2020-07-27
12407,394,41,2020-07-27
12408,394,37,2020-07-27
12409,394,38,2020-07-27
12410,825,39,2023-07-12
12411,825,24,2023-07-12
12412,392,39,2018-07-24
12413,392,44,2018-07-24
12414,392,43,2018-07-24
12415,392,42,2018-07-24
12416,826,39,2023-08-31
12417,826,44,2023-08-31
12418,826,43,2023-08-31
12419,826,42,2023-08-31
12420,827,39,2023-08-03
12421,827,43,2023-08-03
12422,827,42,2023-08-03
12423,828,39,2023-08-03
12424,828,43,2023-08-03
12425,828,42,2023-08-03
12426,13,37,2012-03-13
12427,829,47,2010-05-16
12428,695,39,2023-03-16
12429,695,44,2023-03-16
12430,695,43,2023-03-16
12431,695,42,2023-03-16
12432,129,39,2020-07-05
12433,129,44,2020-07-05
12434,129,43,2020-07-05
12435,129,42,2020-07-05
12436,830,39,2023-08-01
12437,830,44,2023-08-01
12438,830,43,2023-08-01
12439,830,42,2023-08-01
12440,830,24,2023-08-01
12441,830,31,2023-08-01
12442,831,39,2015-10-29
12443,831,44,2015-10-29
12444,831,43,2015-10-29
12445,831,42,2015-10-29
12446,79,39,2020-07-01
12447,79,44,2020-07-01
12448,79,43,2020-07-01
12449,79,42,2020-07-01
12450,832,39,2018-01-01
12451,832,41,2018-01-01
12452,832,37,2018-01-01
12453,832,38,2018-01-01
12454,82,39,2020-09-01
12455,82,44,2020-09-01
12456,82,43,2020-09-01
12457,82,42,2020-09-01
12458,517,39,2022-04-03
12459,517,44,2022-04-03
12460,517,43,2022-04-03
12461,517,42,2022-04-03
12462,710,44,2018-07-17
12463,22,39,2018-03-21
12464,22,44,2018-03-21
12465,22,43,2018-03-21
12466,22,42,2018-03-21
12467,833,39,2023-08-24
12468,833,44,2023-08-24
12469,833,43,2023-08-24
12470,833,42,2023-08-24
12471,543,39,2022-07-01
12472,543,44,2022-07-01
12473,543,43,2022-07-01
12474,543,42,2022-07-01
12475,218,39,2021-01-18
12476,218,44,2021-01-18
12477,218,43,2021-01-18
12478,218,42,2021-01-18
12479,500,39,2022-01-16
12480,500,44,2022-01-16
12481,500,43,2022-01-16
12482,500,42,2022-01-16
12483,404,39,2021-10-01
12484,404,44,2021-10-01
12485,404,43,2021-10-01
12486,404,42,2021-10-01
12487,566,39,2022-08-30
12488,566,44,2022-08-30
12489,566,43,2022-08-30
12490,566,42,2022-08-30
12491,337,41,2004-03-11
12492,337,37,2004-03-11
12493,337,38,2004-03-11
12494,351,39,2017-06-07
12495,351,41,2017-06-07
12496,351,37,2017-06-07
12497,351,38,2017-06-07
12498,639,44,2015-02-07
12499,834,39,2023-09-13
12500,834,44,2023-09-13
12501,834,43,2023-09-13
12502,834,42,2023-09-13
12503,834,24,2023-09-13
12504,834,25,2023-09-13
12505,835,39,2016-12-04
12506,835,44,2016-12-04
12507,835,43,2016-12-04
12508,835,42,2016-12-04
12509,835,24,2023-09-01
12510,836,39,2023-09-17
12511,836,44,2023-09-17
12512,836,43,2023-09-17
12513,836,42,2023-09-17
12514,836,24,2023-09-17
12515,837,39,2023-09-07
12516,837,44,2023-09-07
12517,837,43,2023-09-07
12518,837,42,2023-09-07
12519,838,39,2023-09-04
12520,838,44,2023-09-04
12521,838,43,2023-09-04
12522,838,42,2023-09-04
12523,838,28,2023-09-04
12524,275,39,2021-01-01
12525,275,44,2021-01-01
12526,275,43,2021-01-01
12527,275,42,2021-01-01
12528,275,29,2021-01-01
12529,839,39,2014-07-15
12530,839,41,2014-07-15
12531,839,37,2014-07-15
12532,839,38,2014-07-15
12533,548,44,2022-07-01
12534,548,43,2022-07-01
12535,548,42,2022-07-01
12536,228,39,2014-07-27
12537,228,44,2014-07-27
12538,228,43,2014-07-27
12539,228,42,2014-07-27
12540,51,39,2013-08-15
12541,51,44,2013-08-15
12542,51,43,2013-08-15
12543,51,42,2013-08-15
12544,341,39,2021-07-08
12545,341,44,2021-07-08
12546,341,43,2021-07-08
12547,341,42,2021-07-08
12548,219,39,2016-03-14
12549,554,39,2022-08-17
12550,554,41,2022-08-17
12551,554,37,2022-08-17
12552,554,38,2022-08-17
12553,378,39,2016-01-06
12554,378,41,2016-01-06
12555,378,37,2016-01-06
12556,378,38,2016-01-06
12557,378,29,2016-01-06
12558,106,39,2017-09-18
12559,106,44,2017-09-18
12560,106,43,2017-09-18
12561,106,42,2017-09-18
12562,681,44,2023-03-06
12563,681,43,2023-03-06
12564,681,42,2023-03-06
12565,154,25,2023-09-13
12566,796,44,2023-08-01
12567,796,43,2023-08-01
12568,796,42,2023-08-01
12569,840,39,2022-09-13
12570,840,44,2022-09-13
12571,840,43,2022-09-13
12572,840,42,2022-09-13
12573,23,39,2008-08-05
12574,23,29,2008-08-05
12575,19,39,2018-08-13
12576,19,44,2018-08-13
12577,19,43,2018-08-13
12578,19,42,2018-08-13
12579,10,44,2019-11-24
12580,10,43,2019-11-24
12581,10,42,2019-11-24
12582,841,39,2023-09-26
12583,841,44,2023-09-26
12584,841,43,2023-09-26
12585,841,42,2023-09-26
12586,841,24,2023-09-26
12587,841,25,2023-09-26
12588,841,31,2023-09-26
12589,842,39,2023-09-01
12590,842,44,2023-09-01
12591,842,43,2023-09-01
12592,842,42,2023-09-01
12593,842,24,2023-09-01
12594,842,25,2023-09-01
12595,842,32,2023-09-01
12596,843,46,2010-01-12
12597,843,49,2010-01-12
12598,91,39,2019-08-01
12599,91,44,2019-08-01
12600,91,43,2019-08-01
12601,91,42,2019-08-01
12602,91,29,2019-08-01
12603,844,39,2023-10-04
12604,844,44,2023-10-04
12605,844,43,2023-10-04
12606,844,42,2023-10-04
12607,845,39,2023-09-24
12608,845,44,2023-09-24
12609,845,43,2023-09-24
12610,845,42,2023-09-24
12611,845,24,2023-09-24
12612,846,39,2023-09-14
12613,846,44,2023-09-14
12614,846,43,2023-09-14
12615,846,42,2023-09-14
12616,846,24,2023-09-14
12617,135,39,2019-10-03
12618,135,37,2019-10-03
12619,135,38,2019-10-03
12620,135,41,2019-10-03
12621,847,39,2023-10-01
12622,848,39,2023-09-10
12623,848,44,2023-09-10
12624,848,43,2023-09-10
12625,848,42,2023-09-10
12626,848,24,2023-09-10
12627,849,39,2023-10-01
12628,849,44,2023-10-01
12629,849,43,2023-10-01
12630,849,42,2023-10-01
12631,849,24,2023-10-01
12632,850,39,2023-03-01
12633,850,44,2023-03-01
12634,850,43,2023-03-01
12635,850,42,2023-03-01
12636,850,24,2023-03-01
12637,850,31,2023-03-01
12638,851,39,2021-09-20
12639,851,44,2021-09-20
12640,851,43,2021-09-20
12641,851,42,2021-09-20
12642,852,39,2020-11-15
12643,852,43,2020-11-15
12644,852,42,2020-11-15
12645,853,39,2023-09-24
12646,853,44,2023-09-24
12647,853,43,2023-09-24
12648,853,42,2023-09-24
12649,853,24,2023-09-24
12650,853,31,2023-09-24
12651,853,32,2023-09-24
12652,853,25,2023-09-24
12653,854,39,2023-10-10
12654,854,43,2023-10-10
12655,854,42,2023-10-10
12656,855,39,2005-05-30
12657,855,41,2005-05-30
12658,855,37,2005-05-30
12659,855,38,2005-05-30
12660,856,39,1995-11-19
12661,856,41,1995-11-19
12662,856,37,1995-11-19
12663,856,38,1995-11-19
12664,374,39,2021-08-01
12665,374,44,2021-08-01
12666,374,43,2021-08-01
12667,374,42,2021-08-01
12668,374,29,2021-08-01
12669,374,25,2023-10-01
12670,857,39,2016-11-15
12671,857,44,2016-11-15
12672,857,43,2016-11-15
12673,857,42,2016-11-15
12674,857,29,2016-11-15
12675,858,24,2023-09-07
12676,858,39,2023-09-07
12677,858,41,2023-09-07
12678,858,37,2023-09-07
12679,858,38,2023-09-07
12680,859,39,1997-01-01
12681,859,41,1997-01-01
12682,859,37,1997-01-01
12683,859,38,1997-01-01
12684,860,39,2023-10-01
12685,860,43,2023-10-01
12686,860,42,2023-10-01
12687,777,44,2023-07-06
12688,777,43,2023-07-06
12689,777,42,2023-07-06
12690,861,39,2010-09-01
12691,861,41,2010-09-01
12692,861,37,2010-09-01
12693,861,38,2010-09-01
12694,212,39,2021-04-01
12695,212,44,2021-04-01
12696,212,43,2021-04-01
12697,212,42,2021-04-01
12698,331,39,2005-05-01
12699,331,41,2005-05-01
12700,331,37,2005-05-01
12701,331,38,2005-05-01
12702,331,29,2005-05-01
12703,862,39,2023-10-01
12704,862,44,2023-10-01
12705,862,43,2023-10-01
12706,862,42,2023-10-01
12707,862,24,2023-10-01
12708,862,25,2023-10-01
12709,862,27,2023-10-01
12710,415,39,2021-09-16
12711,415,44,2021-09-16
12712,415,43,2021-09-16
12713,415,42,2021-09-16
12714,863,24,2022-12-26
12715,373,39,2018-08-04
12716,373,41,2018-08-04
12717,373,37,2018-08-04
12718,373,38,2018-08-04
12719,864,39,2022-10-01
12720,864,44,2022-10-01
12721,864,43,2022-10-01
12722,864,42,2022-10-01
12723,863,39,2022-12-26
12724,863,41,2022-12-26
12725,863,37,2022-12-26
12726,863,38,2022-12-26
12727,7,32,2023-10-01
12728,865,39,2023-10-15
12729,866,39,2023-10-18
12730,866,44,2023-10-18
12731,866,43,2023-10-18
12732,866,42,2023-10-18
12733,866,28,2023-10-18
12734,104,39,2013-10-06
12735,104,44,2013-10-06
12736,104,43,2013-10-06
12737,104,42,2013-10-06
12738,867,39,2023-10-18
12739,867,24,2023-10-18
12740,867,31,2023-10-18
12741,410,39,2019-07-01
12742,410,44,2019-07-01
12743,410,43,2019-07-01
12744,410,42,2019-07-01
12745,419,39,2019-07-01
12746,419,44,2019-07-01
12747,419,43,2019-07-01
12748,419,42,2019-07-01
12749,877,39,2023-10-19
12750,877,44,2023-10-19
12751,877,43,2023-10-19
12752,877,42,2023-10-19
12753,877,24,2023-10-19
12754,877,25,2023-10-19
12755,876,39,2023-10-19
12756,876,44,2023-10-19
12757,876,43,2023-10-19
12758,876,42,2023-10-19
12759,876,24,2023-10-19
12760,876,25,2023-10-19
12761,875,39,2023-10-19
12762,875,44,2023-10-19
12763,875,43,2023-10-19
12764,875,42,2023-10-19
12765,875,24,2023-10-19
12766,875,25,2023-10-19
12767,874,39,2023-10-19
12768,874,44,2023-10-19
12769,874,43,2023-10-19
12770,874,42,2023-10-19
12771,874,24,2023-10-19
12772,874,25,2023-10-19
12773,873,39,2023-10-19
12774,873,44,2023-10-19
12775,873,43,2023-10-19
12776,873,42,2023-10-19
12777,873,24,2023-10-19
12778,873,25,2023-10-19
12779,872,39,2023-10-19
12780,872,44,2023-10-19
12781,872,43,2023-10-19
12782,872,42,2023-10-19
12783,872,24,2023-10-19
12784,872,25,2023-10-19
12785,871,39,2023-10-19
12786,871,44,2023-10-19
12787,871,43,2023-10-19
12788,871,42,2023-10-19
12789,871,24,2023-10-19
12790,871,25,2023-10-19
12791,870,39,2023-10-19
12792,870,44,2023-10-19
12793,870,43,2023-10-19
12794,870,42,2023-10-19
12795,870,24,2023-10-19
12796,870,25,2023-10-19
12797,869,39,2023-10-19
12798,869,44,2023-10-19
12799,869,43,2023-10-19
12800,869,42,2023-10-19
12801,869,24,2023-10-19
12802,869,25,2023-10-19
12803,868,39,2023-10-19
12804,868,44,2023-10-19
12805,868,43,2023-10-19
12806,868,42,2023-10-19
12807,868,24,2023-10-19
12808,868,25,2023-10-19
12809,878,39,2023-10-18
12810,878,44,2023-10-18
12811,878,43,2023-10-18
12812,878,42,2023-10-18
12813,878,24,2023-10-18
12814,878,25,2023-10-18
12815,878,26,2023-10-18
12816,878,27,2023-10-18
12817,879,39,2017-07-24
12818,879,44,2017-07-24
12819,879,43,2017-07-24
12820,879,42,2017-07-24
12821,326,39,2018-04-13
12822,326,44,2018-04-13
12823,326,43,2018-04-13
12824,326,42,2018-04-13
12825,326,29,2018-04-13
12826,631,44,2015-10-01
12827,631,43,2015-10-01
12828,631,42,2015-10-01
12829,880,39,2023-11-01
12830,880,44,2023-11-01
12831,880,43,2023-11-01
12832,880,42,2023-11-01
12833,880,24,2023-11-01
12834,880,25,2023-11-01
12835,452,39,2013-05-02
12836,452,41,2013-05-02
12837,452,37,2013-05-02
12838,452,38,2013-05-02
12839,452,29,2013-05-02
12840,881,39,2020-09-15
12841,881,44,2020-09-15
12842,881,43,2020-09-15
12843,881,42,2020-09-15
12844,881,28,2020-09-15
12845,208,39,2021-02-17
12846,208,44,2021-02-17
12847,208,43,2021-02-17
12848,208,42,2021-02-17
12849,227,39,2013-02-25
12850,227,41,2013-02-25
12851,227,37,2013-02-25
12852,227,38,2013-02-25
12853,609,32,2023-11-01
12854,608,32,2023-11-01
12855,882,46,2020-09-15
12856,882,49,2020-09-15
12857,882,52,2020-09-15
12858,882,55,2020-09-15
12859,90,39,2020-09-01
12860,90,44,2020-09-01
12861,90,43,2020-09-01
12862,90,42,2020-09-01
12863,883,24,2022-10-28
12864,884,24,2023-02-06
12865,885,24,2023-06-21
12866,886,39,2020-11-15
12867,886,43,2020-11-15
12868,886,42,2020-11-15
12869,887,39,2022-10-01
12870,887,44,2022-10-01
12871,887,43,2022-10-01
12872,887,42,2022-10-01
12873,888,39,2004-04-15
12874,888,44,2023-04-15
12875,888,43,2023-04-15
12876,888,42,2023-04-15
12877,889,39,2023-11-09
12878,889,44,2023-11-09
12879,889,43,2023-11-09
12880,889,42,2023-11-09
12881,889,24,2023-11-09
12882,889,25,2023-11-09
12883,889,27,2023-11-09
12884,889,26,2023-11-09
12885,357,39,2021-07-01
12886,357,44,2021-07-01
12887,357,43,2021-07-01
12888,357,42,2021-07-01
12889,890,39,2023-11-12
12890,890,44,2023-11-12
12891,890,43,2023-11-12
12892,890,42,2023-11-12
12893,890,24,2023-11-12
12894,891,39,2023-11-08
12895,891,44,2023-11-08
12896,891,43,2023-11-08
12897,891,42,2023-11-08
12898,891,24,2023-11-08
12899,891,25,2023-11-08
12900,892,47,2017-06-05
12901,892,52,2017-06-05
12902,892,54,2017-06-05
12903,892,53,2017-06-05
12904,440,39,2021-10-14
12905,440,44,2021-10-14
12906,440,43,2021-10-14
12907,440,42,2021-10-14
12908,24,39,2013-10-22
12909,24,44,2013-10-22
12910,24,43,2013-10-22
12911,24,42,2013-10-22
12912,24,29,2013-10-22
12913,703,28,2023-03-22
12914,893,39,2023-07-01
12915,893,44,2023-07-01
12916,893,43,2023-07-01
12917,893,42,2023-07-01
12918,297,39,2020-10-15
12919,297,44,2020-10-15
12920,297,43,2020-10-15
12921,297,42,2020-10-15
12922,894,39,2023-11-05
12923,894,44,2023-11-05
12924,894,43,2023-11-05
12925,894,42,2023-11-05
12926,895,39,2005-01-01
12927,895,41,2005-01-01
12928,895,37,2005-01-01
12929,895,38,2005-01-01
12930,896,39,2023-11-15
12931,896,44,2023-11-15
12932,896,43,2023-11-15
12933,896,42,2023-11-15
12934,896,28,2023-11-15
12935,897,39,2023-11-12
12936,897,44,2023-11-12
12937,897,43,2023-11-12
12938,897,42,2023-11-12
12939,897,24,2023-11-12
12940,897,31,2023-11-12
12941,897,25,2023-11-12
12942,898,39,2020-03-03
12943,898,43,2020-03-03
12944,898,42,2020-03-03
12945,899,46,2015-03-01
12946,899,49,2015-03-01
12947,900,39,2022-08-14
12948,900,44,2022-08-14
12949,900,43,2022-08-14
12950,900,42,2022-08-14
12951,901,39,2023-11-08
12952,901,41,2023-11-08
12953,901,37,2023-11-08
12954,901,38,2023-11-08
12955,901,24,2023-11-08
12956,902,39,2023-11-16
12957,902,44,2023-11-16
12958,902,43,2023-11-16
12959,902,42,2023-11-16
12960,902,24,2023-11-16
12961,902,25,2023-11-16
12962,903,39,2023-11-01
12963,903,24,2023-11-01
12964,904,24,2023-08-06
12965,905,39,2023-11-19
12966,905,41,2023-11-19
12967,905,37,2023-11-19
12968,905,38,2023-11-19
12969,905,24,2023-11-19
12970,906,39,2023-11-16
12971,906,41,2023-11-16
12972,906,37,2023-11-16
12973,906,38,2023-11-16
12974,906,24,2023-11-16
12975,907,39,2023-11-19
12976,907,41,2023-11-19
12977,907,37,2023-11-19
12978,907,38,2023-11-19
12979,907,24,2023-11-19
12980,115,39,2017-08-25
12981,115,44,2017-08-25
12982,115,43,2017-08-25
12983,115,42,2017-08-25
12984,47,39,2014-10-19
12985,47,44,2014-10-19
12986,47,43,2014-10-19
12987,47,42,2014-10-19
12988,47,29,2014-10-19
12989,460,41,2021-11-01
12990,908,39,1998-05-12
12991,908,44,1998-05-12
12992,908,43,1998-05-12
12993,908,42,1998-05-12
12994,909,39,2014-02-17
12995,909,44,2014-02-17
12996,909,43,2014-02-17
12997,909,42,2014-02-17
12998,439,39,2021-11-08
12999,439,44,2021-11-08
13000,439,43,2021-11-08
13001,439,42,2021-11-08
13002,298,39,2014-11-11
13003,298,44,2014-11-11
13004,298,43,2014-11-11
13005,298,42,2014-11-11
13006,298,31,2023-11-11
13007,112,39,2011-11-03
13008,112,41,2011-11-03
13009,112,37,2011-11-03
13010,112,38,2011-11-03
13011,112,29,2011-11-03
13012,910,39,2023-11-23
13013,910,44,2023-11-23
13014,910,43,2023-11-23
13015,910,42,2023-11-23
13016,911,39,2023-11-23
13017,911,44,2023-11-23
13018,911,43,2023-11-23
13019,911,42,2023-11-23
13020,912,39,2023-11-23
13021,912,41,2023-11-23
13022,912,37,2023-11-23
13023,912,38,2023-11-23
13024,912,24,2023-11-23
13025,912,31,2023-11-23
13026,912,25,2023-11-23
13027,912,27,2023-11-23
13028,912,26,2023-11-23
13029,913,39,2023-11-26
13030,913,44,2023-11-26
13031,913,43,2023-11-26
13032,913,42,2023-11-26
13033,913,24,2023-11-26
13034,914,39,2023-11-26
13035,914,44,2023-11-26
13036,914,43,2023-11-26
13037,914,42,2023-11-26
13038,915,39,2023-11-17
13039,915,44,2023-11-17
13040,915,43,2023-11-17
13041,915,42,2023-11-17
13042,915,29,2023-11-17
13043,915,24,2023-11-17
13044,915,31,2023-11-17
13045,915,25,2023-11-17
13046,916,39,2023-11-23
13047,916,41,2023-11-23
13048,916,37,2023-11-23
13049,916,38,2023-11-23
13050,537,39,2022-06-01
13051,537,44,2022-06-01
13052,537,43,2022-06-01
13053,537,42,2022-06-01
13054,917,39,2023-11-16
13055,917,44,2023-11-16
13056,917,43,2023-11-16
13057,917,42,2023-11-16
13058,917,28,2023-11-16
13059,703,44,2023-03-22
13060,918,24,2023-08-06
13061,918,39,2023-08-06
13062,918,41,2023-08-06
13063,918,37,2023-08-06
13064,918,38,2023-08-06
13065,42,27,2023-11-19
13066,42,26,2023-11-19
13067,636,55,2012-04-19
13068,919,39,2023-12-03
13069,919,44,2023-12-03
13070,919,43,2023-12-03
13071,919,42,2023-12-03
13072,919,24,2023-12-03
13073,920,39,2023-09-29
13074,920,44,2023-09-29
13075,920,43,2023-09-29
13076,920,42,2023-09-29
13077,42,39,2019-11-19
13078,42,44,2019-11-19
13079,42,43,2019-11-19
13080,42,42,2019-11-19
13081,921,39,2019-01-07
13082,921,43,2019-01-07
13083,921,42,2019-01-07
13084,118,39,2010-11-07
13085,118,44,2010-11-07
13086,118,43,2010-11-07
13087,118,42,2010-11-07
13088,466,39,2021-11-28
13089,466,44,2021-11-28
13090,466,42,2021-11-28
13091,466,43,2021-11-28
13092,922,39,2011-03-01
13093,467,39,2021-11-28
13094,467,44,2021-11-28
13095,467,42,2021-11-28
13096,467,43,2021-11-28
13097,181,26,2024-01-01
13098,923,39,2023-12-07
13099,923,44,2023-12-07
13100,923,43,2023-12-07
13101,923,42,2023-12-07
13102,923,28,2023-12-07
13103,923,24,2023-12-07
13104,924,39,2023-12-12
13105,924,44,2023-12-12
13106,924,43,2023-12-12
13107,924,42,2023-12-12
13108,924,24,2023-12-12
13109,925,39,2023-12-07
13110,925,44,2023-12-07
13111,925,43,2023-12-07
13112,925,42,2023-12-07
13113,926,39,2023-12-13
13114,926,43,2023-12-13
13115,926,42,2023-12-13
13116,927,39,2020-12-23
13117,927,43,2020-12-23
13118,927,42,2020-12-23
13119,468,29,2022-01-01
13120,928,39,2005-01-01
13121,314,39,2019-08-01
13122,314,44,2019-08-01
13123,314,43,2019-08-01
13124,314,42,2019-08-01
13125,569,44,2017-08-01
13126,81,39,2020-07-29
13127,81,44,2020-07-29
13128,81,43,2020-07-29
13129,81,42,2020-07-29
13130,81,31,2023-11-15
13131,929,39,2023-12-21
13132,929,44,2023-12-21
13133,929,43,2023-12-21
13134,929,42,2023-12-21
13135,191,39,2020-12-24
13136,191,44,2020-12-24
13137,191,42,2020-12-24
13138,191,43,2020-12-24
13139,930,39,2007-10-10
13140,930,44,2023-10-10
13141,930,43,2023-10-10
13142,930,42,2023-10-10
13143,936,39,2018-07-18
13144,936,44,2018-07-18
13145,936,43,2018-07-18
13146,936,42,2018-07-18
13147,931,39,2022-07-28
13148,937,39,2023-12-01
13149,937,44,2023-12-01
13150,937,43,2023-12-01
13151,937,42,2023-12-01
13152,937,24,2023-12-01
13153,937,31,2023-12-01
13154,938,24,2023-12-01
13155,938,31,2023-12-01
13156,12,39,2013-04-01
13157,12,41,2013-04-01
13158,12,37,2013-04-01
13159,12,38,2013-04-01
13160,939,39,2024-01-01
13161,939,44,2024-01-01
13162,939,43,2024-01-01
13163,939,42,2024-01-01
13164,939,24,2024-01-01
13165,939,31,2024-01-01
13166,940,39,2024-01-01
13167,940,44,2024-01-01
13168,940,43,2024-01-01
13169,940,42,2024-01-01
13170,940,24,2024-01-01
13171,940,25,2024-01-01
13172,181,39,2021-01-01
13173,181,41,2021-01-01
13174,181,37,2021-01-01
13175,181,38,2021-01-01
13176,941,39,2024-01-01
13177,941,44,2024-01-01
13178,941,43,2024-01-01
13179,941,42,2024-01-01
13180,941,24,2024-01-01
13181,941,25,2024-01-01
13182,942,39,2024-01-01
13183,942,41,2024-01-01
13184,942,37,2024-01-01
13185,942,38,2024-01-01
13186,942,24,2024-01-01
13187,942,32,2024-01-01
13188,942,25,2024-01-01
13189,943,39,2024-01-01
13190,943,44,2024-01-01
13191,943,43,2024-01-01
13192,943,42,2024-01-01
13193,943,28,2024-01-01
13194,31,39,2004-02-01
13195,31,44,2004-02-01
13196,31,43,2004-02-01
13197,31,42,2004-02-01
13198,944,39,2015-12-18
13199,944,44,2015-12-18
13200,944,43,2015-12-18
13201,944,42,2015-12-18
13202,412,26,2023-12-03
13203,412,27,2023-12-03
13204,945,39,2022-10-10
13205,946,39,2024-01-01
13206,946,44,2024-01-01
13207,946,43,2024-01-01
13208,946,42,2024-01-01
13209,946,24,2024-01-01
13210,947,39,2024-01-01
13211,947,44,2024-01-01
13212,947,43,2024-01-01
13213,947,42,2024-01-01
13214,947,24,2024-01-01
13215,947,25,2024-01-01
13216,948,39,2024-01-01
13217,948,44,2024-01-01
13218,948,43,2024-01-01
13219,948,42,2024-01-01
13220,948,24,2024-01-01
13221,948,32,2024-01-01
13222,938,39,2023-12-01
13223,157,39,2013-09-26
13224,157,44,2013-09-26
13225,157,43,2013-09-26
13226,157,42,2013-09-26
13227,383,39,2019-07-01
13228,949,39,2024-01-08
13229,949,43,2024-01-08
13230,949,42,2024-01-08
13231,65,27,2024-01-01
13232,65,26,2024-01-01
13233,950,39,2024-01-04
13234,9,32,2023-12-22
13235,9,27,2023-12-22
13236,951,39,2024-01-01
13237,951,44,2024-01-01
13238,951,43,2024-01-01
13239,951,42,2024-01-01
13240,951,28,2024-01-01
13241,265,39,2020-01-01
13242,265,41,2020-01-01
13243,265,37,2020-01-01
13244,265,38,2020-01-01
